qtr,clock,playerid,playername,passing_yds,rushing_yds,receiving_yds,receiving_rec,passing_tds,rushing_tds,receiving_tds
1,15:00,00-0026143,M.Ryan,0,4,0,0,0,0,0
1,15:00,00-0031075,A.Blue,0,6,0,0,0,0,0
1,15:00,00-0027966,M.Ingram,0,2,0,0,0,0,0
1,15:00,00-0030287,A.Ellington,0,-1,0,0,0,0,0
1,15:00,00-0029668,A.Luck,0,4,0,0,0,0,0
1,14:55,00-0031237,T.Bridgewater,0,1,0,0,0,0,0
1,14:54,00-0029263,R.Wilson,5,0,0,0,0,0,0
1,14:54,00-0031257,P.Richardson,0,0,5,1,0,0,0
1,14:54,00-0020679,S.Hill,5,0,0,0,0,0,0
1,14:54,00-0030525,T.Austin,0,0,5,1,0,0,0
1,14:53,00-0023459,A.Rodgers,8,0,0,0,0,0,0
1,14:53,00-0026176,J.Nelson,0,0,8,1,0,0,0
1,14:53,00-0030496,L.Bell,0,12,0,0,0,0,0
1,14:52,00-0023500,F.Gore,0,14,0,0,0,0,0
1,14:51,00-0029384,B.Rainey,0,-1,0,0,0,0,0
1,14:47,00-0029701,R.Tannehill,13,0,0,0,0,0,0
1,14:47,00-0029615,L.Miller,0,0,13,1,0,0,0
1,14:34,00-0028002,R.Cobb,0,0,3,1,0,0,0
1,14:34,00-0023459,A.Rodgers,3,0,0,0,0,0,0
1,14:31,00-0027966,M.Ingram,0,3,0,0,0,0,0
1,14:27,00-0029510,J.Grimes,0,3,0,0,0,0,0
1,14:26,00-0029701,R.Tannehill,2,0,0,0,0,0,0
1,14:26,00-0026901,M.Wallace,0,0,2,1,0,0,0
1,14:25,00-0022736,S.Jackson,0,2,0,0,0,0,0
1,14:24,00-0031391,T.Mason,0,2,0,0,0,0,0
1,14:20,00-0025430,D.Stanton,12,0,0,0,0,0,0
1,14:20,00-0031051,Jo. Brown,0,0,12,1,0,0,0
1,14:17,00-0031376,J.McKinnon,0,6,0,0,0,0,0
1,14:17,00-0025399,M.Lynch,0,3,0,0,0,0,0
1,14:17,00-0029675,T.Richardson,0,1,0,0,0,0,0
1,14:13,00-0022942,P.Rivers,22,0,0,0,1,0,0
1,14:13,00-0022414,M.Floyd,0,0,22,1,0,0,1
1,14:11,00-0031045,C.Hyde,0,5,0,0,0,0,0
1,14:02,00-0026144,D.McFadden,0,2,0,0,0,0,0
1,13:58,00-0020531,D.Brees,16,0,0,0,0,0,0
1,13:58,00-0030085,K.Stills,0,0,16,1,0,0,0
1,13:52,00-0023459,A.Rodgers,64,0,0,0,0,0,0
1,13:52,00-0026176,J.Nelson,0,0,64,1,0,0,0
1,13:50,00-0020679,S.Hill,33,0,0,0,0,0,0
1,13:50,00-0027006,K.Britt,0,0,33,1,0,0,0
1,13:50,00-0021206,J.McCown,16,0,0,0,0,0,0
1,13:50,00-0023496,V.Jackson,0,0,16,1,0,0,0
1,13:49,00-0029701,R.Tannehill,10,0,0,0,0,0,0
1,13:49,00-0031382,J.Landry,0,0,10,1,0,0,0
1,13:45,00-0030496,L.Bell,0,19,0,0,0,0,0
1,13:43,00-0026143,M.Ryan,3,0,0,0,0,0,0
1,13:43,00-0023462,R.White,0,0,3,1,0,0,0
1,13:41,00-0025430,D.Stanton,5,0,0,0,0,0,0
1,13:41,00-0031044,T.Niklas,0,0,5,1,0,0,0
1,13:40,00-0027966,M.Ingram,0,3,0,0,0,0,0
1,13:33,00-0029668,A.Luck,2,0,0,0,0,0,0
1,13:33,00-0025637,A.Bradshaw,0,0,2,1,0,0,0
1,13:32,00-0027974,C.Kaepernick,6,0,0,0,0,0,0
1,13:32,00-0022084,A.Boldin,0,0,6,1,0,0,0
1,13:24,00-0029384,B.Rainey,0,2,0,0,0,0,0
1,13:23,00-0023436,A.Smith,3,0,0,0,0,0,0
1,13:23,00-0028987,P.Supernaw,0,0,3,1,0,0,0
1,13:17,00-0026625,B.Hoyer,12,0,0,0,0,0,0
1,13:17,00-0023921,M.Austin,0,0,12,1,0,0,0
1,13:14,00-0029615,L.Miller,0,2,0,0,0,0,0
1,13:14,00-0027966,M.Ingram,0,5,0,0,0,0,0
1,13:13,00-0031376,J.McKinnon,0,23,0,0,0,0,0
1,13:04,00-0030496,L.Bell,0,5,0,0,0,0,0
1,13:01,00-0031391,T.Mason,0,2,0,0,0,0,0
1,12:54,00-0030287,A.Ellington,0,17,0,0,0,0,0
1,12:52,00-0027758,R.Cooper,0,0,11,1,0,0,0
1,12:52,00-0026898,M.Sanchez,11,0,0,0,0,0,0
1,12:49,00-0023500,F.Gore,0,2,0,0,0,0,0
1,12:47,00-0031376,J.McKinnon,0,-3,0,0,0,0,0
1,12:47,00-0030656,I.Crowell,0,-1,0,0,0,0,0
1,12:44,00-0023436,A.Smith,6,0,0,0,0,0,0
1,12:44,00-0026213,J.Charles,0,0,6,1,0,0,0
1,12:44,00-0021206,J.McCown,0,3,0,0,0,0,0
1,12:44,00-0019596,T.Brady,3,0,0,0,0,0,0
1,12:44,00-0027994,S.Vereen,0,0,3,1,0,0,0
1,12:33,00-0027029,L.McCoy,0,3,0,0,0,0,0
1,12:31,00-0020531,D.Brees,2,0,0,0,0,0,0
1,12:31,00-0030085,K.Stills,0,0,2,1,0,0,0
1,12:31,00-0031280,D.Carr,12,0,0,0,0,0,0
1,12:31,00-0030000,K.Thompkins,0,0,12,1,0,0,0
1,12:24,00-0029701,R.Tannehill,12,0,0,0,0,0,0
1,12:24,00-0031382,J.Landry,0,0,12,1,0,0,0
1,12:22,00-0030496,L.Bell,0,-1,0,0,0,0,0
1,12:21,00-0026898,M.Sanchez,20,0,0,0,0,0,0
1,12:21,00-0026995,J.Maclin,0,0,20,1,0,0,0
1,12:17,00-0026213,J.Charles,0,2,0,0,0,0,0
1,12:17,00-0020679,S.Hill,3,0,0,0,0,0,0
1,12:17,00-0027061,J.Cook,0,0,3,1,0,0,0
1,12:12,00-0025430,D.Stanton,42,0,0,0,1,0,0
1,12:12,00-0029638,M.Floyd,0,0,42,1,0,0,1
1,12:05,00-0027974,C.Kaepernick,0,16,0,0,0,0,0
1,12:02,00-0031237,T.Bridgewater,7,0,0,0,0,0,0
1,12:02,00-0031376,J.McKinnon,0,0,7,1,0,0,0
1,12:01,00-0019596,T.Brady,9,0,0,0,0,0,0
1,12:01,00-0027150,J.Edelman,0,0,9,1,0,0,0
1,11:57,00-0027218,J.Bell,0,-2,0,0,0,0,0
1,11:56,00-0031075,A.Blue,0,1,0,0,0,0,0
1,11:51,00-0027939,C.Newton,12,0,0,0,0,0,0
1,11:51,00-0022811,J.Cotchery,0,0,12,1,0,0,0
1,11:47,00-0031391,T.Mason,0,10,0,0,0,0,0
1,11:46,00-0029615,L.Miller,0,4,0,0,0,0,0
1,11:41,00-0027029,L.McCoy,0,4,0,0,0,0,0
1,11:38,00-0031060,D.Thomas,0,8,0,0,0,0,0
1,11:36,00-0030496,L.Bell,0,2,0,0,0,0,0
1,11:31,00-0029104,J.Gray,0,7,0,0,0,0,0
1,11:27,00-0027966,M.Ingram,0,2,0,0,0,0,0
1,11:22,00-0023500,F.Gore,0,3,0,0,0,0,0
1,11:19,00-0026498,M.Stafford,11,0,0,0,0,0,0
1,11:19,00-0027891,G.Tate,0,0,11,1,0,0,0
1,11:16,00-0028012,R.Mallett,41,0,0,0,0,0,0
1,11:16,00-0030564,D.Hopkins,0,0,41,1,0,0,0
1,11:15,00-0029137,A.Jeffery,0,0,10,1,0,0,0
1,11:15,00-0024226,J.Cutler,10,0,0,0,0,0,0
1,11:15,00-0031391,T.Mason,0,4,0,0,0,0,0
1,11:10,00-0029701,R.Tannehill,7,0,0,0,0,0,0
1,11:10,00-0027077,B.Hartline,0,0,7,1,0,0,0
1,11:06,00-0020531,D.Brees,13,0,0,0,0,0,0
1,11:06,00-0027696,J.Graham,0,0,13,1,0,0,0
1,11:04,00-0026153,J.Stewart,0,4,0,0,0,0,0
1,11:01,00-0026213,J.Charles,0,7,0,0,0,0,0
1,10:55,00-0026144,D.McFadden,0,2,0,0,0,0,0
1,10:54,00-0029104,J.Gray,0,7,0,0,0,0,0
1,10:41,00-0031075,A.Blue,0,2,0,0,0,0,0
1,10:39,00-0031045,C.Hyde,0,7,0,0,0,0,0
1,10:38,00-0024334,B.Marshall,0,0,6,1,0,0,0
1,10:38,00-0024226,J.Cutler,6,0,0,0,0,0,0
1,10:37,00-0030525,T.Austin,0,2,0,0,0,0,0
1,10:30,00-0031413,B.Sankey,0,3,0,0,0,0,0
1,10:29,00-0029665,R.Griffin,10,0,0,0,0,0,0
1,10:29,00-0026189,D.Jackson,0,0,10,1,0,0,0
1,10:24,00-0020531,D.Brees,4,0,0,0,0,0,0
1,10:24,00-0027966,M.Ingram,0,0,4,1,0,0,0
1,10:22,00-0026213,J.Charles,0,6,0,0,0,0,0
1,10:20,00-0030485,E.Lacy,0,1,0,0,0,0,0
1,10:20,00-0027994,S.Vereen,0,18,0,0,0,0,0
1,10:19,00-0022736,S.Jackson,0,4,0,0,0,0,0
1,10:13,00-0031280,D.Carr,9,0,0,0,0,0,0
1,10:13,00-0028263,A.Holmes,0,0,9,1,0,0,0
1,10:09,00-0031075,A.Blue,0,5,0,0,0,0,0
1,09:56,00-0027974,C.Kaepernick,16,0,0,0,0,0,0
1,09:56,00-0022084,A.Boldin,0,0,16,1,0,0,0
1,09:56,00-0031266,Z.Mettenberger,14,0,0,0,0,0,0
1,09:56,00-0029708,K.Wright,0,0,14,1,0,0,0
1,09:55,00-0029665,R.Griffin,12,0,0,0,0,0,0
1,09:55,00-0030472,J.Reed,0,0,12,1,0,0,0
1,09:53,00-0025542,D.Rosario,0,0,7,1,0,0,0
1,09:53,00-0024226,J.Cutler,7,0,0,0,0,0,0
1,09:52,00-0029104,J.Gray,0,16,0,0,0,0,0
1,09:51,00-0022736,S.Jackson,0,4,0,0,0,0,0
1,09:49,00-0020531,D.Brees,2,0,0,0,0,0,0
1,09:49,00-0027844,E.Lorig,0,0,2,1,0,0,0
1,09:48,00-0029615,L.Miller,0,-2,0,0,0,0,0
1,09:48,00-0030287,A.Ellington,0,2,0,0,0,0,0
1,09:46,00-0023436,A.Smith,13,0,0,0,0,0,0
1,09:46,00-0026213,J.Charles,0,0,13,1,0,0,0
1,09:41,00-0031075,A.Blue,0,3,0,0,0,0,0
1,09:37,00-0031280,D.Carr,33,0,0,0,0,0,0
1,09:37,00-0030514,M.Rivera,0,0,33,1,0,0,0
1,09:35,00-0031413,B.Sankey,0,3,0,0,0,0,0
1,09:21,00-0029141,A.Morris,0,8,0,0,0,0,0
1,09:20,00-0027150,J.Edelman,0,25,0,0,0,0,0
1,09:16,00-0023500,F.Gore,0,-6,0,0,0,0,0
1,09:10,00-0026184,M.Forte,0,8,0,0,0,0,0
1,09:07,00-0025430,D.Stanton,49,0,0,0,0,0,0
1,09:07,00-0028345,R.Hughes,0,0,49,1,0,0,0
1,09:05,00-0029701,R.Tannehill,32,0,0,0,0,0,0
1,09:05,00-0030874,D.Williams,0,0,32,1,0,0,0
1,09:04,00-0027155,R.Jennings,0,3,0,0,0,0,0
1,09:04,00-0010346,P.Manning,22,0,0,0,0,0,0
1,09:04,00-0027685,E.Sanders,0,0,22,1,0,0,0
1,09:02,00-0024242,D.Williams,0,8,0,0,0,0,0
1,09:02,00-0031075,A.Blue,0,2,0,0,0,0,0
1,09:00,00-0030280,K.Davis,0,3,0,0,0,0,0
1,08:57,00-0028002,R.Cobb,0,0,22,1,0,0,0
1,08:57,00-0023459,A.Rodgers,22,0,0,0,0,0,0
1,08:57,00-0031280,D.Carr,2,0,0,0,0,0,0
1,08:57,00-0030514,M.Rivera,0,0,2,1,0,0,0
1,08:50,00-0031266,Z.Mettenberger,23,0,0,0,0,0,0
1,08:50,00-0029708,K.Wright,0,0,23,1,0,0,0
1,08:48,00-0027973,A.Dalton,0,11,0,0,0,0,0
1,08:42,00-0029104,J.Gray,0,4,0,0,0,1,0
1,08:41,00-0031390,C.Sims,0,4,0,0,0,0,0
1,08:39,00-0029701,R.Tannehill,6,0,0,0,0,0,0
1,08:39,00-0030874,D.Williams,0,0,6,1,0,0,0
1,08:37,00-0010346,P.Manning,8,0,0,0,0,0,0
1,08:37,00-0022427,W.Welker,0,0,8,1,0,0,0
1,08:31,00-0028012,R.Mallett,16,0,0,0,0,0,0
1,08:31,00-0022044,A.Johnson,0,0,16,1,0,0,0
1,08:31,00-0022803,E.Manning,20,0,0,0,0,0,0
1,08:31,00-0029262,R.Randle,0,0,20,1,0,0,0
1,08:29,00-0031301,J.Hill,0,1,0,0,0,0,0
1,08:26,00-0024242,D.Williams,0,3,0,0,0,0,0
1,08:16,00-0030485,E.Lacy,0,3,0,0,0,0,0
1,08:15,00-0026393,M.Reece,0,1,0,0,0,0,0
1,08:15,00-0031413,B.Sankey,0,9,0,0,0,1,0
1,08:12,00-0010346,P.Manning,1,0,0,0,0,0,0
1,08:12,00-0028067,J.Thomas,0,0,1,1,0,0,0
1,08:08,00-0031390,C.Sims,0,11,0,0,0,0,0
1,08:07,00-0025430,D.Stanton,9,0,0,0,0,0,0
1,08:07,00-0031051,Jo. Brown,0,0,9,1,0,0,0
1,08:05,00-0030280,K.Davis,0,3,0,0,0,0,0
1,08:02,00-0022924,B.Roethlisberger,3,0,0,0,0,0,0
1,08:02,00-0031373,M.Bryant,0,0,3,1,0,0,0
1,08:00,00-0022803,E.Manning,18,0,0,0,0,0,0
1,08:00,00-0029262,R.Randle,0,0,18,1,0,0,0
1,07:55,00-0024226,J.Cutler,30,0,0,0,0,0,0
1,07:55,00-0026184,M.Forte,0,0,30,1,0,0,0
1,07:54,00-0031075,A.Blue,0,1,0,0,0,0,0
1,07:54,00-0031301,J.Hill,0,1,0,0,0,0,0
1,07:49,00-0026153,J.Stewart,0,13,0,0,0,0,0
1,07:42,00-0023459,A.Rodgers,11,0,0,0,0,0,0
1,07:42,00-0027753,A.Quarless,0,0,11,1,0,0,0
1,07:34,00-0027155,R.Jennings,0,3,0,0,0,0,0
1,07:34,00-0029668,A.Luck,11,0,0,0,0,0,0
1,07:34,00-0020498,R.Wayne,0,0,11,1,0,0,0
1,07:30,00-0029701,R.Tannehill,-1,0,0,0,0,0,0
1,07:30,00-0029615,L.Miller,0,0,-1,1,0,0,0
1,07:30,00-0031390,C.Sims,0,12,0,0,0,0,0
1,07:27,00-0031075,A.Blue,0,14,0,0,0,0,0
1,07:27,00-0022942,P.Rivers,5,0,0,0,0,0,0
1,07:27,00-0027864,Ry.Mathews,0,0,5,1,0,0,0
1,07:21,00-0026213,J.Charles,0,14,0,0,0,0,0
1,07:20,00-0022924,B.Roethlisberger,19,0,0,0,0,0,0
1,07:20,00-0023465,H.Miller,0,0,19,1,0,0,0
1,07:17,00-0024226,J.Cutler,4,0,0,0,0,0,0
1,07:17,00-0026184,M.Forte,0,0,4,1,0,0,0
1,07:16,00-0031391,T.Mason,0,15,0,0,0,0,0
1,07:13,00-0027939,C.Newton,7,0,0,0,0,0,0
1,07:13,00-0026153,J.Stewart,0,0,7,1,0,0,0
1,07:13,00-0028012,R.Mallett,2,0,0,0,1,0,0
1,07:13,00-0027949,J.Watt,0,0,2,1,0,0,1
1,07:08,00-0027973,A.Dalton,8,0,0,0,0,0,0
1,07:08,00-0031291,J.Wright,0,0,8,1,0,0,0
1,07:04,00-0030656,I.Crowell,0,35,0,0,0,0,0
1,07:03,00-0029668,A.Luck,13,0,0,0,0,0,0
1,07:03,00-0020498,R.Wayne,0,0,13,1,0,0,0
1,07:02,00-0022803,E.Manning,19,0,0,0,1,0,0
1,07:02,00-0028838,L.Donnell,0,0,19,1,0,0,1
1,06:57,00-0027864,Ry.Mathews,0,1,0,0,0,0,0
1,06:54,00-0023500,F.Gore,0,5,0,0,0,0,0
1,06:54,00-0031390,C.Sims,0,-2,0,0,0,0,0
1,06:49,00-0024226,J.Cutler,7,0,0,0,0,0,0
1,06:49,00-0029137,A.Jeffery,0,0,7,1,0,0,0
1,06:45,00-0031301,J.Hill,0,2,0,0,0,0,0
1,06:43,00-0031391,T.Mason,0,4,0,0,0,0,0
1,06:38,00-0023436,A.Smith,9,0,0,0,0,0,0
1,06:38,00-0030506,T.Kelce,0,0,9,1,0,0,0
1,06:35,00-0023541,K.Orton,9,0,0,0,0,0,0
1,06:35,00-0030431,R.Woods,0,0,9,1,0,0,0
1,06:32,00-0027939,C.Newton,0,3,0,0,0,0,0
1,06:32,00-0029668,A.Luck,46,0,0,0,0,0,0
1,06:32,00-0020498,R.Wayne,0,0,46,1,0,0,0
1,06:30,00-0026625,B.Hoyer,12,0,0,0,0,0,0
1,06:30,00-0027918,A.Hawkins,0,0,12,1,0,0,0
1,06:18,00-0022942,P.Rivers,8,0,0,0,0,0,0
1,06:18,00-0030279,K.Allen,0,0,8,1,0,0,0
1,06:17,00-0021206,J.McCown,7,0,0,0,0,0,0
1,06:17,00-0031418,A.Seferian-Jenkins,0,0,7,1,0,0,0
1,06:13,00-0023459,A.Rodgers,1,0,0,0,0,0,0
1,06:13,00-0028002,R.Cobb,0,0,1,1,0,0,0
1,06:12,00-0025430,D.Stanton,12,0,0,0,1,0,0
1,06:12,00-0029638,M.Floyd,0,0,12,1,0,0,1
1,06:10,00-0027974,C.Kaepernick,7,0,0,0,0,0,0
1,06:10,00-0024221,V.Davis,0,0,7,1,0,0,0
1,06:06,00-0026498,M.Stafford,7,0,0,0,0,0,0
1,06:06,00-0031387,E.Ebron,0,0,7,1,0,0,0
1,06:04,00-0023541,K.Orton,5,0,0,0,0,0,0
1,06:04,00-0031325,S.Watkins,0,0,5,1,0,0,0
1,06:02,00-0031376,J.McKinnon,0,3,0,0,0,0,0
1,06:02,00-0027973,A.Dalton,13,0,0,0,0,0,0
1,06:02,00-0031301,J.Hill,0,0,13,1,0,0,0
1,06:01,00-0026625,B.Hoyer,16,0,0,0,0,0,0
1,06:01,00-0027825,J.Dray,0,0,16,1,0,0,0
1,06:01,00-0022924,B.Roethlisberger,8,0,0,0,0,0,0
1,06:01,00-0031373,M.Bryant,0,0,8,1,0,0,0
1,05:57,00-0030280,K.Davis,0,2,0,0,0,0,0
1,05:52,00-0025637,A.Bradshaw,0,3,0,0,0,0,0
1,05:49,00-0024242,D.Williams,0,3,0,0,0,0,0
1,05:40,00-0031375,T.West,0,3,0,0,0,0,0
1,05:39,00-0022942,P.Rivers,4,0,0,0,0,0,0
1,05:39,00-0026957,D.Johnson,0,0,4,1,0,0,0
1,05:34,00-0027218,J.Bell,0,33,0,0,0,0,0
1,05:31,00-0027772,A.Dixon,0,6,0,0,0,0,0
1,05:31,00-0031376,J.McKinnon,0,0,1,1,0,0,0
1,05:31,00-0031237,T.Bridgewater,1,0,0,0,0,0,0
1,05:28,00-0023459,A.Rodgers,24,0,0,0,0,0,0
1,05:28,00-0027753,A.Quarless,0,0,24,1,0,0,0
1,05:27,00-0023500,F.Gore,0,17,0,0,0,0,0
1,05:26,00-0022924,B.Roethlisberger,4,0,0,0,0,0,0
1,05:26,00-0027793,A.Brown,0,0,4,1,0,0,0
1,05:21,00-0027973,A.Dalton,6,0,0,0,0,0,0
1,05:21,00-0029632,M.Sanu,0,0,6,1,0,0,0
1,05:21,00-0029665,R.Griffin,4,0,0,0,0,0,0
1,05:21,00-0026852,D.Young,0,0,4,1,0,0,0
1,05:18,00-0026213,J.Charles,0,4,0,0,0,0,0
1,05:15,00-0029668,A.Luck,-1,0,0,0,0,0,0
1,05:15,00-0025637,A.Bradshaw,0,0,-1,1,0,0,0
1,05:12,00-0027939,C.Newton,10,0,0,0,0,0,0
1,05:12,00-0025418,G.Olsen,0,0,10,1,0,0,0
1,05:08,00-0027864,Ry.Mathews,0,5,0,0,0,0,0
1,05:05,00-0027918,A.Hawkins,0,0,0,1,0,0,0
1,05:02,00-0029854,C.Anderson,0,4,0,0,0,0,0
1,04:56,00-0030107,T.Riddick,0,2,0,0,0,0,0
1,04:48,00-0026932,C.Peerman,0,21,0,0,0,0,0
1,04:47,00-0023541,K.Orton,7,0,0,0,0,0,0
1,04:47,00-0028237,C.Hogan,0,0,7,1,0,0,0
1,04:45,00-0022924,B.Roethlisberger,23,0,0,0,0,0,0
1,04:45,00-0023465,H.Miller,0,0,23,1,0,0,0
1,04:44,00-0031237,T.Bridgewater,4,0,0,0,0,0,0
1,04:44,00-0029432,C.Ford,0,0,4,1,0,0,0
1,04:43,00-0031384,R.Rodgers,0,0,19,1,0,0,0
1,04:43,00-0023459,A.Rodgers,19,0,0,0,0,0,0
1,04:42,00-0010346,P.Manning,3,0,0,0,0,0,0
1,04:42,00-0029854,C.Anderson,0,0,3,1,0,0,0
1,04:42,00-0029141,A.Morris,0,2,0,0,0,0,0
1,04:32,00-0027864,Ry.Mathews,0,7,0,0,0,0,0
1,04:31,00-0026153,J.Stewart,0,1,0,0,0,0,0
1,04:28,00-0026213,J.Charles,0,1,0,0,0,1,0
1,04:17,00-0027218,J.Bell,0,3,0,0,0,0,0
1,04:16,00-0025399,M.Lynch,0,10,0,0,0,0,0
1,04:15,00-0030485,E.Lacy,0,10,0,0,0,0,0
1,04:14,00-0019596,T.Brady,9,0,0,0,0,0,0
1,04:14,00-0027656,R.Gronkowski,0,0,9,1,0,0,0
1,04:09,00-0027914,A.Sendejo,0,48,0,0,0,0,0
1,04:08,00-0023541,K.Orton,5,0,0,0,0,0,0
1,04:08,00-0029429,B.Brown,0,0,5,1,0,0,0
1,04:04,00-0031301,J.Hill,0,2,0,0,0,0,0
1,04:04,00-0010346,P.Manning,12,0,0,0,0,0,0
1,04:04,00-0027685,E.Sanders,0,0,12,1,0,0,0
1,04:01,00-0030496,L.Bell,0,12,0,0,0,0,0
1,03:54,00-0031045,C.Hyde,0,3,0,0,0,0,0
1,03:50,00-0029141,A.Morris,0,9,0,0,0,0,0
1,03:46,00-0028012,R.Mallett,8,0,0,0,0,0,0
1,03:46,00-0022044,A.Johnson,0,0,8,1,0,0,0
1,03:45,00-0029104,J.Gray,0,20,0,0,0,0,0
1,03:41,00-0025399,M.Lynch,0,8,0,0,0,0,0
1,03:41,00-0010346,P.Manning,2,0,0,0,0,0,0
1,03:41,00-0028067,J.Thomas,0,0,2,1,0,0,0
1,03:41,00-0022942,P.Rivers,5,0,0,0,0,0,0
1,03:41,00-0030279,K.Allen,0,0,5,1,0,0,0
1,03:38,00-0023459,A.Rodgers,6,0,0,0,1,0,0
1,03:38,00-0031381,D.Adams,0,0,6,1,0,0,1
1,03:34,00-0026498,M.Stafford,3,0,0,0,0,0,0
1,03:34,00-0027218,J.Bell,0,0,3,1,0,0,0
1,03:31,00-0031075,A.Blue,0,5,0,0,0,0,0
1,03:26,00-0023541,K.Orton,2,0,0,0,0,0,0
1,03:26,00-0030049,C.Gragg,0,0,2,1,0,0,0
1,03:26,00-0027973,A.Dalton,12,0,0,0,1,0,0
1,03:26,00-0027873,J.Gresham,0,0,12,1,0,0,1
1,03:25,00-0027029,L.McCoy,0,3,0,0,0,0,0
1,03:21,00-0029587,R.Ellison,0,0,7,1,0,0,1
1,03:21,00-0031237,T.Bridgewater,7,0,0,0,1,0,0
1,03:20,00-0030496,L.Bell,0,1,0,0,0,0,0
1,03:19,00-0027974,C.Kaepernick,11,0,0,0,0,0,0
1,03:19,00-0022084,A.Boldin,0,0,11,1,0,0,0
1,03:18,00-0031277,B.Oliver,0,5,0,0,0,0,0
1,03:16,00-0010346,P.Manning,3,0,0,0,0,0,0
1,03:16,00-0022427,W.Welker,0,0,3,1,0,0,0
1,03:14,00-0027966,M.Ingram,0,3,0,0,0,0,0
1,03:13,00-0027939,C.Newton,9,0,0,0,0,0,0
1,03:13,00-0031359,K.Benjamin,0,0,9,1,0,0,0
1,03:12,00-0029141,A.Morris,0,2,0,0,0,0,0
1,03:10,00-0024226,J.Cutler,5,0,0,0,0,0,0
1,03:10,00-0030047,M.Wilson,0,0,5,1,0,0,0
1,03:02,00-0027029,L.McCoy,0,1,0,0,0,0,0
1,02:58,00-0025399,M.Lynch,0,13,0,0,0,0,0
1,02:58,00-0029668,A.Luck,11,0,0,0,0,0,0
1,02:58,00-0029608,T.Hilton,0,0,11,1,0,0,0
1,02:53,00-0028012,R.Mallett,12,0,0,0,0,0,0
1,02:53,00-0022044,A.Johnson,0,0,12,1,0,0,0
1,02:47,00-0010346,P.Manning,13,0,0,0,0,0,0
1,02:47,00-0027685,E.Sanders,0,0,13,1,0,0,0
1,02:46,00-0025430,D.Stanton,22,0,0,0,0,0,0
1,02:46,00-0022921,L.Fitzgerald,0,0,22,1,0,0,0
1,02:45,00-0024242,D.Williams,0,7,0,0,0,0,0
1,02:41,00-0023541,K.Orton,15,0,0,0,0,0,0
1,02:41,00-0028237,C.Hogan,0,0,15,1,0,0,0
1,02:40,00-0029665,R.Griffin,15,0,0,0,0,0,0
1,02:40,00-0026189,D.Jackson,0,0,15,1,0,0,0
1,02:37,00-0027974,C.Kaepernick,0,-7,0,0,0,0,0
1,02:34,00-0020531,D.Brees,4,0,0,0,0,0,0
1,02:34,00-0027696,J.Graham,0,0,4,1,0,0,0
1,02:32,00-0025399,M.Lynch,0,4,0,0,0,0,0
1,02:31,00-0025637,A.Bradshaw,0,5,0,0,0,0,0
1,02:30,00-0022924,B.Roethlisberger,14,0,0,0,0,0,0
1,02:30,00-0027793,A.Brown,0,0,14,1,0,0,0
1,02:29,00-0026184,M.Forte,0,1,0,0,0,0,0
1,02:27,00-0029854,C.Anderson,0,1,0,0,0,0,0
1,02:24,00-0029510,J.Grimes,0,2,0,0,0,0,0
1,02:18,00-0027772,A.Dixon,0,7,0,0,0,0,0
1,02:18,00-0024275,M.Jones-Drew,0,2,0,0,0,0,0
1,02:11,00-0030287,A.Ellington,0,4,0,0,0,0,0
1,02:09,00-0029665,R.Griffin,6,0,0,0,0,0,0
1,02:09,00-0026345,P.Garcon,0,0,6,1,0,0,0
1,02:06,00-0010346,P.Manning,4,0,0,0,0,0,0
1,02:06,00-0022427,W.Welker,0,0,4,1,0,0,0
1,02:00,00-0029273,R.Turbin,0,4,0,0,0,0,0
1,02:00,00-0030496,L.Bell,0,1,0,0,0,0,0
1,01:58,00-0031075,A.Blue,0,8,0,0,0,0,0
1,01:56,00-0020531,D.Brees,5,0,0,0,0,0,0
1,01:56,00-0031236,B.Cooks,0,0,5,1,0,0,0
1,01:54,00-0027029,L.McCoy,0,5,0,0,0,0,0
1,01:52,00-0031045,C.Hyde,0,4,0,0,0,0,0
1,01:48,00-0029137,A.Jeffery,0,0,10,1,0,0,0
1,01:48,00-0024226,J.Cutler,10,0,0,0,0,0,0
1,01:44,00-0029429,B.Brown,0,5,0,0,0,0,0
1,01:42,00-0026393,M.Reece,0,0,0,1,0,0,0
1,01:33,00-0026898,M.Sanchez,5,0,0,0,0,0,0
1,01:33,00-0031299,J.Matthews,0,0,5,1,0,0,0
1,01:29,00-0031075,A.Blue,0,1,0,0,0,0,0
1,01:29,00-0029141,A.Morris,0,1,0,0,0,0,0
1,01:26,00-0027939,C.Newton,13,0,0,0,0,0,0
1,01:26,00-0025418,G.Olsen,0,0,13,1,0,0,0
1,01:19,00-0029273,R.Turbin,0,4,0,0,0,0,0
1,01:18,00-0020679,S.Hill,63,0,0,0,1,0,0
1,01:18,00-0027006,K.Britt,0,0,63,1,0,0,1
1,01:12,00-0020531,D.Brees,14,0,0,0,0,0,0
1,01:12,00-0031236,B.Cooks,0,0,14,1,0,0,0
1,01:10,00-0029854,C.Anderson,0,6,0,0,0,0,0
1,01:08,00-0024226,J.Cutler,0,4,0,0,0,0,0
1,01:07,00-0029668,A.Luck,20,0,0,0,0,0,0
1,01:07,00-0029697,C.Fleener,0,0,20,1,0,0,0
1,01:06,00-0023541,K.Orton,6,0,0,0,0,0,0
1,01:06,00-0029429,B.Brown,0,0,6,1,0,0,0
1,01:06,00-0027029,L.McCoy,0,2,0,0,0,0,0
1,00:56,00-0031413,B.Sankey,0,9,0,0,0,0,0
1,00:54,00-0028012,R.Mallett,7,0,0,0,0,0,0
1,00:54,00-0022044,A.Johnson,0,0,7,1,0,0,0
1,00:53,00-0027155,R.Jennings,0,2,0,0,0,0,0
1,00:53,00-0029665,R.Griffin,0,10,0,0,0,0,0
1,00:51,00-0026153,J.Stewart,0,6,0,0,0,0,0
1,00:48,00-0026182,E.Royal,0,15,0,0,0,0,0
1,00:48,00-0025430,D.Stanton,5,0,0,0,0,0,0
1,00:48,00-0030287,A.Ellington,0,0,5,1,0,0,0
1,00:40,00-0029273,R.Turbin,0,2,0,0,0,0,0
1,00:37,00-0023564,D.Sproles,0,0,16,1,0,0,0
1,00:37,00-0026898,M.Sanchez,16,0,0,0,0,0,0
1,00:37,00-0027966,M.Ingram,0,4,0,0,0,0,0
1,00:35,00-0025637,A.Bradshaw,0,-2,0,0,0,0,0
1,00:33,00-0010346,P.Manning,15,0,0,0,0,0,0
1,00:33,00-0027874,D.Thomas,0,0,15,1,0,0,0
1,00:30,00-0030656,I.Crowell,0,8,0,0,0,0,0
1,00:25,00-0024226,J.Cutler,11,0,0,0,0,0,0
1,00:25,00-0029137,A.Jeffery,0,0,11,1,0,0,0
1,00:19,00-0026899,S.Greene,0,3,0,0,0,0,0
1,00:13,00-0029701,R.Tannehill,9,0,0,0,0,0,0
1,00:13,00-0026901,M.Wallace,0,0,9,1,0,0,0
1,00:09,00-0026625,B.Hoyer,23,0,0,0,0,0,0
1,00:09,00-0029269,T.Benjamin,0,0,23,1,0,0,0
1,00:09,00-0029141,A.Morris,0,2,0,0,0,0,0
1,00:08,00-0027029,L.McCoy,0,0,18,1,0,0,0
1,00:08,00-0026898,M.Sanchez,18,0,0,0,0,0,0
1,00:04,00-0029273,R.Turbin,0,1,0,0,0,0,0
1,00:02,00-0020531,D.Brees,3,0,0,0,0,0,0
1,00:02,00-0027844,E.Lorig,0,0,3,1,0,0,0
1,00:01,00-0029854,C.Anderson,0,1,0,0,0,0,0
2,15:00,00-0029615,L.Miller,0,7,0,0,0,0,0
2,15:00,00-0026184,M.Forte,0,5,0,0,0,0,0
2,15:00,00-0031375,T.West,0,2,0,0,0,0,0
2,15:00,00-0027029,L.McCoy,0,1,0,0,0,0,0
2,15:00,00-0029263,R.Wilson,10,0,0,0,0,0,0
2,15:00,00-0030089,L.Willson,0,0,10,1,0,0,0
2,15:00,00-0027966,M.Ingram,0,4,0,0,0,0,0
2,15:00,00-0027974,C.Kaepernick,8,0,0,0,0,0,0
2,15:00,00-0023500,F.Gore,0,0,8,1,0,0,0
2,15:00,00-0029665,R.Griffin,0,4,0,0,0,0,0
2,15:00,00-0022942,P.Rivers,3,0,0,0,0,0,0
2,15:00,00-0022414,M.Floyd,0,0,3,1,0,0,0
2,15:00,00-0025430,D.Stanton,30,0,0,0,0,0,0
2,15:00,00-0031051,Jo. Brown,0,0,30,1,0,0,0
2,15:00,00-0031266,Z.Mettenberger,17,0,0,0,0,0,0
2,15:00,00-0027651,D.McCluster,0,0,17,1,0,0,0
2,14:57,00-0028083,J.Rodgers,0,0,4,1,0,0,0
2,14:57,00-0026143,M.Ryan,4,0,0,0,0,0,0
2,14:45,00-0031391,T.Mason,0,5,0,0,0,0,0
2,14:40,00-0019596,T.Brady,10,0,0,0,0,0,0
2,14:40,00-0027150,J.Edelman,0,0,10,1,0,0,0
2,14:35,00-0024226,J.Cutler,14,0,0,0,0,0,0
2,14:35,00-0024334,B.Marshall,0,0,14,1,0,0,0
2,14:35,00-0023500,F.Gore,0,16,0,0,0,0,0
2,14:29,00-0026898,M.Sanchez,7,0,0,0,0,0,0
2,14:29,00-0023564,D.Sproles,0,0,7,1,0,0,0
2,14:26,00-0026143,M.Ryan,7,0,0,0,0,0,0
2,14:26,00-0027944,J.Jones,0,0,7,1,0,0,0
2,14:24,00-0025399,M.Lynch,0,-2,0,0,0,0,0
2,14:23,00-0027966,M.Ingram,0,1,0,0,0,0,0
2,14:21,00-0029615,L.Miller,0,33,0,0,0,0,0
2,14:16,00-0026899,S.Greene,0,1,0,0,0,0,0
2,14:14,00-0024275,M.Jones-Drew,0,2,0,0,0,0,0
2,14:12,00-0030656,I.Crowell,0,2,0,0,0,0,0
2,14:11,00-0027974,C.Kaepernick,0,9,0,0,0,0,0
2,14:10,00-0029104,J.Gray,0,6,0,0,0,0,0
2,14:07,00-0020679,S.Hill,-3,0,0,0,0,0,0
2,14:07,00-0027985,L.Kendricks,0,0,-3,1,0,0,0
2,13:58,00-0024226,J.Cutler,4,0,0,0,0,0,0
2,13:58,00-0026184,M.Forte,0,0,4,1,0,0,0
2,13:45,00-0029104,J.Gray,0,14,0,0,0,0,0
2,13:43,00-0031045,C.Hyde,0,-1,0,0,0,0,0
2,13:42,00-0020531,D.Brees,16,0,0,0,0,0,0
2,13:42,00-0024466,M.Colston,0,0,16,1,0,0,0
2,13:39,00-0029701,R.Tannehill,17,0,0,0,0,0,0
2,13:39,00-0027077,B.Hartline,0,0,17,1,0,0,0
2,13:36,00-0031266,Z.Mettenberger,23,0,0,0,0,0,0
2,13:36,00-0029708,K.Wright,0,0,23,1,0,0,0
2,13:31,00-0029665,R.Griffin,2,0,0,0,0,0,0
2,13:31,00-0026189,D.Jackson,0,0,2,1,0,0,0
2,13:27,00-0026498,M.Stafford,30,0,0,0,0,0,0
2,13:27,00-0027891,G.Tate,0,0,30,1,0,0,0
2,13:26,00-0026224,H.Douglas,0,0,17,1,0,0,0
2,13:26,00-0026143,M.Ryan,17,0,0,0,0,0,0
2,13:22,00-0029263,R.Wilson,2,0,0,0,0,0,0
2,13:22,00-0029534,C.Helfet,0,0,2,1,0,0,0
2,13:16,00-0029104,J.Gray,0,3,0,0,0,0,0
2,13:15,00-0024226,J.Cutler,27,0,0,0,1,0,0
2,13:15,00-0029137,A.Jeffery,0,0,27,1,0,0,1
2,13:09,00-0022942,P.Rivers,11,0,0,0,0,0,0
2,13:09,00-0029275,L.Green,0,0,11,1,0,0,0
2,13:08,00-0029854,C.Anderson,0,1,0,0,0,0,0
2,13:07,00-0027966,M.Ingram,0,1,0,0,0,0,0
2,13:07,00-0029141,A.Morris,0,13,0,0,0,0,0
2,13:03,00-0029701,R.Tannehill,0,1,0,0,0,0,0
2,13:01,00-0030485,E.Lacy,0,6,0,0,0,0,0
2,13:00,00-0030578,C.Patterson,0,3,0,0,0,0,0
2,13:00,00-0024221,V.Davis,0,4,0,0,0,0,0
2,12:52,00-0031075,A.Blue,0,4,0,0,0,0,0
2,12:50,00-0029429,B.Brown,0,2,0,0,0,0,0
2,12:50,00-0028083,J.Rodgers,0,3,0,0,0,0,0
2,12:44,00-0027218,J.Bell,0,1,0,0,0,0,0
2,12:43,00-0027651,D.McCluster,0,5,0,0,0,0,0
2,12:42,00-0019596,T.Brady,4,0,0,0,0,0,0
2,12:42,00-0026035,D.Amendola,0,0,4,1,0,0,0
2,12:40,00-0029263,R.Wilson,24,0,0,0,0,0,0
2,12:40,00-0029159,J.Kearse,0,0,24,1,0,0,0
2,12:31,00-0027974,C.Kaepernick,12,0,0,0,0,0,0
2,12:31,00-0026986,M.Crabtree,0,0,12,1,0,0,0
2,12:27,00-0031277,B.Oliver,0,2,0,0,0,0,0
2,12:26,00-0020531,D.Brees,16,0,0,0,0,0,0
2,12:26,00-0024466,M.Colston,0,0,16,1,0,0,0
2,12:26,00-0010346,P.Manning,8,0,0,0,0,0,0
2,12:26,00-0026267,J.Tamme,0,0,8,1,0,0,0
2,12:24,00-0031237,T.Bridgewater,0,2,0,0,0,0,0
2,12:23,00-0028002,R.Cobb,0,0,14,1,0,0,0
2,12:23,00-0023459,A.Rodgers,14,0,0,0,0,0,0
2,12:23,00-0029141,A.Morris,0,1,0,0,0,0,0
2,12:22,00-0027944,J.Jones,0,0,10,1,0,0,0
2,12:22,00-0026143,M.Ryan,10,0,0,0,0,0,0
2,12:21,00-0027772,A.Dixon,0,3,0,0,0,0,0
2,12:19,00-0031236,B.Cooks,0,5,0,0,0,0,0
2,12:17,00-0029510,J.Grimes,0,5,0,0,0,0,0
2,12:02,00-0028002,R.Cobb,0,0,22,1,0,0,0
2,12:02,00-0023459,A.Rodgers,22,0,0,0,0,0,0
2,12:02,00-0026498,M.Stafford,8,0,0,0,0,0,0
2,12:02,00-0031387,E.Ebron,0,0,8,1,0,0,0
2,11:59,00-0026143,M.Ryan,3,0,0,0,0,0,0
2,11:59,00-0026855,A.Smith,0,0,3,1,0,0,0
2,11:53,00-0027966,M.Ingram,0,-2,0,0,0,0,0
2,11:52,00-0023500,F.Gore,0,-1,0,0,0,0,0
2,11:50,00-0029263,R.Wilson,-3,0,0,0,0,0,0
2,11:50,00-0028434,D.Baldwin,0,0,-3,1,0,0,0
2,11:49,00-0029675,T.Richardson,0,2,0,0,0,0,0
2,11:44,00-0010346,P.Manning,21,0,0,0,0,0,0
2,11:44,00-0029854,C.Anderson,0,0,21,1,0,0,0
2,11:41,00-0023541,K.Orton,14,0,0,0,0,0,0
2,11:41,00-0028237,C.Hogan,0,0,14,1,0,0,0
2,11:27,00-0026201,M.Bennett,0,0,12,1,0,0,0
2,11:27,00-0024226,J.Cutler,12,0,0,0,0,0,0
2,11:23,00-0027966,M.Ingram,0,2,0,0,0,0,0
2,11:20,00-0026498,M.Stafford,4,0,0,0,0,0,0
2,11:20,00-0025389,C.Johnson,0,0,4,1,0,0,0
2,11:19,00-0023462,R.White,0,0,19,1,0,0,0
2,11:19,00-0026143,M.Ryan,19,0,0,0,0,0,0
2,11:17,00-0028002,R.Cobb,0,0,11,1,0,0,0
2,11:17,00-0023459,A.Rodgers,11,0,0,0,0,0,0
2,11:16,00-0029668,A.Luck,22,0,0,0,0,0,0
2,11:16,00-0029697,C.Fleener,0,0,22,1,0,0,0
2,11:08,00-0027890,B.Tate,0,-3,0,0,0,0,0
2,11:05,00-0029263,R.Wilson,0,1,0,0,0,0,0
2,11:04,00-0024275,M.Jones-Drew,0,1,0,0,0,0,0
2,11:02,00-0023541,K.Orton,19,0,0,0,0,0,0
2,11:02,00-0029429,B.Brown,0,0,19,1,0,0,0
2,11:00,00-0027974,C.Kaepernick,5,0,0,0,0,0,0
2,11:00,00-0031045,C.Hyde,0,0,5,1,0,0,0
2,11:00,00-0030496,L.Bell,0,-1,0,0,0,0,0
2,10:54,00-0026184,M.Forte,0,5,0,0,0,0,0
2,10:52,00-0031391,T.Mason,0,4,0,0,0,0,0
2,10:49,00-0022736,S.Jackson,0,3,0,0,0,0,0
2,10:45,00-0023459,A.Rodgers,27,0,0,0,1,0,0
2,10:45,00-0026176,J.Nelson,0,0,27,1,0,0,1
2,10:45,00-0029608,T.Hilton,0,0,0,1,0,0,0
2,10:40,00-0026498,M.Stafford,5,0,0,0,0,0,0
2,10:40,00-0030107,T.Riddick,0,0,5,1,0,0,0
2,10:39,00-0027029,L.McCoy,0,3,0,0,0,0,0
2,10:31,00-0029263,R.Wilson,7,0,0,0,1,0,0
2,10:31,00-0028434,D.Baldwin,0,0,7,1,0,0,1
2,10:22,00-0023436,A.Smith,23,0,0,0,0,0,0
2,10:22,00-0030506,T.Kelce,0,0,23,1,0,0,0
2,10:22,00-0020531,D.Brees,-1,0,0,0,0,0,0
2,10:22,00-0027844,E.Lorig,0,0,-1,1,0,0,0
2,10:21,00-0026625,B.Hoyer,23,0,0,0,0,0,0
2,10:21,00-0031228,T.Gabriel,0,0,23,1,0,0,0
2,10:17,00-0030288,R.Burkhead,0,1,0,0,0,0,0
2,10:17,00-0031391,T.Mason,0,4,0,0,0,0,0
2,10:16,00-0027029,L.McCoy,0,8,0,0,0,0,0
2,10:15,00-0029429,B.Brown,0,8,0,0,0,0,0
2,10:11,00-0026184,M.Forte,0,-1,0,0,0,0,0
2,10:09,00-0022803,E.Manning,2,0,0,0,0,0,0
2,10:09,00-0027155,R.Jennings,0,0,2,1,0,0,0
2,10:01,00-0029668,A.Luck,22,0,0,0,0,0,0
2,10:01,00-0029697,C.Fleener,0,0,22,1,0,0,0
2,09:57,00-0030656,I.Crowell,0,7,0,0,0,0,0
2,09:55,00-0026898,M.Sanchez,4,0,0,0,0,0,0
2,09:55,00-0026995,J.Maclin,0,0,4,1,0,0,0
2,09:55,00-0026498,M.Stafford,7,0,0,0,0,0,0
2,09:55,00-0028249,J.Ross,0,0,7,1,0,0,0
2,09:47,00-0027973,A.Dalton,11,0,0,0,0,0,0
2,09:47,00-0030288,R.Burkhead,0,0,11,1,0,0,0
2,09:40,00-0026213,J.Charles,0,28,0,0,0,0,0
2,09:39,00-0027864,Ry.Mathews,0,1,0,0,0,0,0
2,09:38,00-0022803,E.Manning,7,0,0,0,0,0,0
2,09:38,00-0031235,O.Beckham,0,0,7,1,0,0,0
2,09:36,00-0027772,A.Dixon,0,1,0,0,0,0,0
2,09:36,00-0030656,I.Crowell,0,3,0,0,0,0,0
2,09:34,00-0020679,S.Hill,10,0,0,0,0,0,0
2,09:34,00-0030532,S.Bailey,0,0,10,1,0,0,0
2,09:30,00-0024334,B.Marshall,0,0,8,1,0,0,0
2,09:30,00-0024226,J.Cutler,8,0,0,0,0,0,0
2,09:30,00-0023564,D.Sproles,0,13,0,0,0,0,0
2,09:28,00-0021206,J.McCown,51,0,0,0,0,0,0
2,09:28,00-0031408,M.Evans,0,0,51,1,0,0,0
2,09:26,00-0027939,C.Newton,-3,0,0,0,0,0,0
2,09:26,00-0024242,D.Williams,0,0,-3,1,0,0,0
2,09:25,00-0031301,J.Hill,0,4,0,0,0,0,0
2,09:17,00-0029675,T.Richardson,0,-3,0,0,0,0,0
2,09:17,00-0031266,Z.Mettenberger,-5,0,0,0,0,0,0
2,09:17,00-0025701,J.Battle,0,0,-5,1,0,0,0
2,09:12,00-0022942,P.Rivers,12,0,0,0,0,0,0
2,09:12,00-0021547,A.Gates,0,0,12,1,0,0,0
2,09:08,00-0028492,H.Hynoski,0,4,0,0,0,0,0
2,09:06,00-0027772,A.Dixon,0,7,0,0,0,0,0
2,09:06,00-0026625,B.Hoyer,32,0,0,0,1,0,0
2,09:06,00-0027918,A.Hawkins,0,0,32,1,0,0,1
2,09:00,00-0027029,L.McCoy,0,4,0,0,0,0,0
2,09:00,00-0030287,A.Ellington,0,7,0,0,0,0,0
2,08:54,00-0023436,A.Smith,13,0,0,0,0,0,0
2,08:54,00-0028074,A.Sherman,0,0,13,1,0,0,0
2,08:52,00-0024226,J.Cutler,-1,0,0,0,0,0,0
2,08:52,00-0029137,A.Jeffery,0,0,-1,1,0,0,0
2,08:52,00-0028012,R.Mallett,4,0,0,0,0,0,0
2,08:52,00-0029435,D.Johnson,0,0,4,1,0,0,0
2,08:51,00-0020679,S.Hill,21,0,0,0,0,0,0
2,08:51,00-0027006,K.Britt,0,0,21,1,0,0,0
2,08:44,00-0025418,G.Olsen,0,0,11,1,0,0,0
2,08:44,00-0027939,C.Newton,11,0,0,0,0,0,0
2,08:42,00-0027973,A.Dalton,0,4,0,0,0,0,0
2,08:42,00-0031390,C.Sims,0,2,0,0,0,0,0
2,08:35,00-0022942,P.Rivers,13,0,0,0,0,0,0
2,08:35,00-0026182,E.Royal,0,0,13,1,0,0,0
2,08:33,00-0031266,Z.Mettenberger,12,0,0,0,0,0,0
2,08:33,00-0030521,J.Hunter,0,0,12,1,0,0,0
2,08:26,00-0019596,T.Brady,3,0,0,0,0,0,0
2,08:26,00-0027994,S.Vereen,0,0,3,1,0,0,0
2,08:24,00-0030287,A.Ellington,0,1,0,0,0,0,0
2,08:23,00-0031075,A.Blue,0,8,0,0,0,0,0
2,08:23,00-0023500,F.Gore,0,3,0,0,0,0,0
2,08:19,00-0023541,K.Orton,9,0,0,0,0,0,0
2,08:19,00-0031325,S.Watkins,0,0,9,1,0,0,0
2,08:15,00-0026213,J.Charles,0,16,0,0,0,1,0
2,08:13,00-0020679,S.Hill,11,0,0,0,0,0,0
2,08:13,00-0027006,K.Britt,0,0,11,1,0,0,0
2,08:07,00-0024226,J.Cutler,5,0,0,0,0,0,0
2,08:07,00-0026184,M.Forte,0,0,5,1,0,0,0
2,08:01,00-0027939,C.Newton,0,8,0,0,0,0,0
2,08:00,00-0031075,A.Blue,0,6,0,0,0,0,0
2,07:59,00-0027973,A.Dalton,13,0,0,0,0,0,0
2,07:59,00-0027942,A.Green,0,0,13,1,0,0,0
2,07:57,00-0029104,J.Gray,0,4,0,0,0,0,0
2,07:55,00-0027864,Ry.Mathews,0,8,0,0,0,0,0
2,07:46,00-0025430,D.Stanton,4,0,0,0,0,0,0
2,07:46,00-0026178,J.Carlson,0,0,4,1,0,0,0
2,07:43,00-0023459,A.Rodgers,5,0,0,0,0,0,0
2,07:43,00-0030485,E.Lacy,0,0,5,1,0,0,0
2,07:41,00-0022924,B.Roethlisberger,2,0,0,0,0,0,0
2,07:41,00-0023465,H.Miller,0,0,2,1,0,0,0
2,07:38,00-0029429,B.Brown,0,6,0,0,0,0,0
2,07:37,00-0029510,J.Grimes,0,3,0,0,0,0,0
2,07:32,00-0029141,A.Morris,0,4,0,0,0,0,0
2,07:31,00-0031391,T.Mason,0,7,0,0,0,0,0
2,07:30,00-0031301,J.Hill,0,21,0,0,0,0,0
2,07:27,00-0027864,Ry.Mathews,0,3,0,0,0,0,0
2,07:20,00-0029263,R.Wilson,18,0,0,0,0,0,0
2,07:20,00-0029159,J.Kearse,0,0,18,1,0,0,0
2,07:17,00-0027939,C.Newton,3,0,0,0,0,0,0
2,07:17,00-0026153,J.Stewart,0,0,3,1,0,0,0
2,07:17,00-0027155,R.Jennings,0,6,0,0,0,0,0
2,07:13,00-0019596,T.Brady,20,0,0,0,0,0,0
2,07:13,00-0027656,R.Gronkowski,0,0,20,1,0,0,0
2,07:07,00-0030287,A.Ellington,0,9,0,0,0,0,0
2,07:02,00-0022924,B.Roethlisberger,11,0,0,0,0,0,0
2,07:02,00-0027793,A.Brown,0,0,11,1,0,0,0
2,06:58,00-0027864,Ry.Mathews,0,7,0,0,0,0,0
2,06:57,00-0023541,K.Orton,4,0,0,0,0,0,0
2,06:57,00-0028237,C.Hogan,0,0,4,1,0,0,0
2,06:55,00-0020679,S.Hill,5,0,0,0,0,0,0
2,06:55,00-0030525,T.Austin,0,0,5,1,0,0,0
2,06:52,00-0029141,A.Morris,0,5,0,0,0,0,0
2,06:51,00-0019596,T.Brady,9,0,0,0,0,0,0
2,06:51,00-0026035,D.Amendola,0,0,9,1,0,0,0
2,06:48,00-0031376,J.McKinnon,0,-1,0,0,0,0,0
2,06:45,00-0022803,E.Manning,30,0,0,0,0,0,0
2,06:45,00-0028838,L.Donnell,0,0,30,1,0,0,0
2,06:37,00-0025399,M.Lynch,0,11,0,0,0,0,0
2,06:32,00-0030287,A.Ellington,0,2,0,0,0,0,0
2,06:27,00-0026625,B.Hoyer,30,0,0,0,0,0,0
2,06:27,00-0027825,J.Dray,0,0,30,1,0,0,0
2,06:26,00-0027973,A.Dalton,21,0,0,0,0,0,0
2,06:26,00-0027942,A.Green,0,0,21,1,0,0,0
2,06:26,00-0027155,R.Jennings,0,2,0,0,0,0,0
2,06:25,00-0023541,K.Orton,5,0,0,0,0,0,0
2,06:25,00-0027772,A.Dixon,0,0,5,1,0,0,0
2,06:25,00-0022736,S.Jackson,0,2,0,0,0,0,0
2,06:24,00-0022924,B.Roethlisberger,-5,0,0,0,0,0,0
2,06:24,00-0031392,D.Archer,0,0,-5,1,0,0,0
2,06:22,00-0031277,B.Oliver,0,4,0,0,0,0,0
2,06:21,00-0029104,J.Gray,0,3,0,0,0,0,0
2,06:16,00-0023459,A.Rodgers,13,0,0,0,0,0,0
2,06:16,00-0028002,R.Cobb,0,0,13,1,0,0,0
2,06:12,00-0020679,S.Hill,8,0,0,0,0,0,0
2,06:12,00-0027985,L.Kendricks,0,0,8,1,0,0,0
2,06:12,00-0029141,A.Morris,0,1,0,0,0,0,0
2,06:11,00-0031376,J.McKinnon,0,3,0,0,0,0,0
2,06:04,00-0031301,J.Hill,0,4,0,0,0,0,0
2,05:56,00-0022803,E.Manning,13,0,0,0,0,0,0
2,05:56,00-0029262,R.Randle,0,0,13,1,0,0,0
2,05:55,00-0026143,M.Ryan,10,0,0,0,0,0,0
2,05:55,00-0028581,P.DiMarco,0,0,10,1,0,0,0
2,05:51,00-0030656,I.Crowell,0,-1,0,0,0,0,0
2,05:49,00-0027772,A.Dixon,0,4,0,0,0,0,0
2,05:48,00-0025430,D.Stanton,-4,0,0,0,0,0,0
2,05:48,00-0030287,A.Ellington,0,0,-4,1,0,0,0
2,05:46,00-0031277,B.Oliver,0,4,0,0,0,0,0
2,05:40,00-0022924,B.Roethlisberger,9,0,0,0,0,0,0
2,05:40,00-0027793,A.Brown,0,0,9,1,0,0,0
2,05:38,00-0019596,T.Brady,13,0,0,0,0,0,0
2,05:38,00-0027150,J.Edelman,0,0,13,1,0,0,0
2,05:37,00-0031301,J.Hill,0,2,0,0,0,0,0
2,05:32,00-0031391,T.Mason,0,-1,0,0,0,0,0
2,05:31,00-0023459,A.Rodgers,0,16,0,0,0,0,0
2,05:31,00-0029263,R.Wilson,10,0,0,0,0,0,0
2,05:31,00-0031257,P.Richardson,0,0,10,1,0,0,0
2,05:30,00-0031237,T.Bridgewater,5,0,0,0,0,0,0
2,05:30,00-0028198,M.Asiata,0,0,5,1,0,0,0
2,05:30,00-0026625,B.Hoyer,14,0,0,0,0,0,0
2,05:30,00-0031228,T.Gabriel,0,0,14,1,0,0,0
2,05:21,00-0029665,R.Griffin,8,0,0,0,0,0,0
2,05:21,00-0028093,N.Paul,0,0,8,1,0,0,0
2,05:15,00-0022736,S.Jackson,0,3,0,0,0,0,0
2,05:12,00-0027155,R.Jennings,0,3,0,0,0,0,0
2,05:08,00-0029104,J.Gray,0,3,0,0,0,0,0
2,04:57,00-0031301,J.Hill,0,1,0,0,0,0,0
2,04:51,00-0025399,M.Lynch,0,8,0,0,0,0,0
2,04:48,00-0020679,S.Hill,0,0,0,1,0,0,0
2,04:46,00-0027218,J.Bell,0,13,0,0,0,0,0
2,04:44,00-0031375,T.West,0,7,0,0,0,0,0
2,04:43,00-0028002,R.Cobb,0,0,11,1,0,0,0
2,04:43,00-0023459,A.Rodgers,11,0,0,0,0,0,0
2,04:40,00-0029665,R.Griffin,0,8,0,0,0,0,0
2,04:37,00-0026143,M.Ryan,1,0,0,0,0,0,0
2,04:37,00-0024272,D.Hester,0,0,1,1,0,0,0
2,04:36,00-0024226,J.Cutler,0,7,0,0,0,0,0
2,04:34,00-0027974,C.Kaepernick,0,2,0,0,0,0,0
2,04:27,00-0022924,B.Roethlisberger,17,0,0,0,0,0,0
2,04:27,00-0027793,A.Brown,0,0,17,1,0,0,0
2,04:24,00-0029104,J.Gray,0,6,0,0,0,0,0
2,04:20,00-0027973,A.Dalton,8,0,0,0,0,0,0
2,04:20,00-0029632,M.Sanu,0,0,8,1,0,0,0
2,04:18,00-0031375,T.West,0,2,0,0,0,0,0
2,04:13,00-0023541,K.Orton,0,3,0,0,0,0,0
2,04:11,00-0025399,M.Lynch,0,15,0,0,0,0,0
2,04:07,00-0029665,R.Griffin,4,0,0,0,0,0,0
2,04:07,00-0028093,N.Paul,0,0,4,1,0,0,0
2,04:07,00-0031280,D.Carr,15,0,0,0,0,0,0
2,04:07,00-0030516,B.Butler,0,0,15,1,0,0,0
2,04:04,00-0030485,E.Lacy,0,0,8,1,0,0,0
2,04:04,00-0023459,A.Rodgers,8,0,0,0,0,0,0
2,04:01,00-0027218,J.Bell,0,5,0,0,0,0,0
2,03:59,00-0026184,M.Forte,0,9,0,0,0,0,0
2,03:57,00-0027974,C.Kaepernick,25,0,0,0,0,0,0
2,03:57,00-0026986,M.Crabtree,0,0,25,1,0,0,0
2,03:57,00-0010346,P.Manning,23,0,0,0,0,0,0
2,03:57,00-0027874,D.Thomas,0,0,23,1,0,0,0
2,03:57,00-0030496,L.Bell,0,7,0,0,0,0,0
2,03:54,00-0029104,J.Gray,0,2,0,0,0,1,0
2,03:50,00-0029668,A.Luck,0,4,0,0,0,0,0
2,03:47,00-0027939,C.Newton,12,0,0,0,0,0,0
2,03:47,00-0031359,K.Benjamin,0,0,12,1,0,0,0
2,03:42,00-0031301,J.Hill,0,-1,0,0,0,0,0
2,03:38,00-0026625,B.Hoyer,0,2,0,0,0,0,0
2,03:38,00-0026144,D.McFadden,0,5,0,0,0,0,0
2,03:29,00-0024226,J.Cutler,13,0,0,0,0,0,0
2,03:29,00-0024334,B.Marshall,0,0,13,1,0,0,0
2,03:27,00-0029665,R.Griffin,10,0,0,0,0,0,0
2,03:27,00-0028043,R.Helu,0,0,10,1,0,0,0
2,03:26,00-0029701,R.Tannehill,10,0,0,0,0,0,0
2,03:26,00-0026901,M.Wallace,0,0,10,1,0,0,0
2,03:25,00-0030432,C.Michael,0,-2,0,0,0,0,0
2,03:16,00-0010346,P.Manning,15,0,0,0,0,0,0
2,03:16,00-0027874,D.Thomas,0,0,15,1,0,0,0
2,03:16,00-0030496,L.Bell,0,9,0,0,0,0,0
2,03:14,00-0023500,F.Gore,0,-1,0,0,0,0,0
2,03:13,00-0031390,C.Sims,0,2,0,0,0,0,0
2,03:11,00-0026153,J.Stewart,0,1,0,0,0,0,0
2,03:11,00-0030656,I.Crowell,0,-3,0,0,0,0,0
2,03:07,00-0031280,D.Carr,4,0,0,0,0,0,0
2,03:07,00-0029755,B.Leonhardt,0,0,4,1,0,0,0
2,03:06,00-0029435,D.Johnson,0,6,0,0,0,0,0
2,03:03,00-0029668,A.Luck,4,0,0,0,0,0,0
2,03:03,00-0025637,A.Bradshaw,0,0,4,1,0,0,0
2,03:00,00-0028000,Dn.Thomas,0,7,0,0,0,0,0
2,02:58,00-0024226,J.Cutler,44,0,0,0,1,0,0
2,02:58,00-0024334,B.Marshall,0,0,44,1,0,0,1
2,02:53,00-0026176,J.Nelson,0,0,10,1,0,0,0
2,02:53,00-0023459,A.Rodgers,10,0,0,0,0,0,0
2,02:52,00-0027966,M.Ingram,0,5,0,0,0,0,0
2,02:42,00-0031075,A.Blue,0,3,0,0,0,0,0
2,02:42,00-0030496,L.Bell,0,3,0,0,0,0,0
2,02:40,00-0031376,J.McKinnon,0,4,0,0,0,0,0
2,02:36,00-0031237,T.Bridgewater,17,0,0,0,0,0,0
2,02:36,00-0030113,Ch.Johnson,0,0,17,1,0,0,0
2,02:35,00-0029263,R.Wilson,0,14,0,0,0,0,0
2,02:30,00-0027939,C.Newton,5,0,0,0,0,0,0
2,02:30,00-0026153,J.Stewart,0,0,5,1,0,0,0
2,02:30,00-0021206,J.McCown,18,0,0,0,0,0,0
2,02:30,00-0031408,M.Evans,0,0,18,1,0,0,0
2,02:28,00-0029701,R.Tannehill,-4,0,0,0,0,0,0
2,02:28,00-0029701,R.Tannehill,0,0,-4,1,0,0,0
2,02:28,00-0010346,P.Manning,42,0,0,0,1,0,0
2,02:28,00-0027685,E.Sanders,0,0,42,1,0,0,1
2,02:27,00-0030287,A.Ellington,0,4,0,0,0,0,0
2,02:21,00-0020531,D.Brees,8,0,0,0,0,0,0
2,02:21,00-0029205,T.Cadet,0,0,8,1,0,0,0
2,02:16,00-0031237,T.Bridgewater,-2,0,0,0,0,0,0
2,02:16,00-0031376,J.McKinnon,0,0,-2,1,0,0,0
2,02:16,00-0020679,S.Hill,12,0,0,0,0,0,0
2,02:16,00-0029795,B.Cunningham,0,0,12,1,0,0,0
2,02:15,00-0029104,J.Gray,0,5,0,0,0,0,0
2,02:10,00-0025399,M.Lynch,0,-3,0,0,0,0,0
2,02:07,00-0028012,R.Mallett,0,2,0,0,0,0,0
2,02:04,00-0030485,E.Lacy,0,1,0,0,0,1,0
2,02:00,00-0029701,R.Tannehill,17,0,0,0,0,0,0
2,02:00,00-0026901,M.Wallace,0,0,17,1,0,0,0
2,02:00,00-0031075,A.Blue,0,11,0,0,0,0,0
2,02:00,00-0026898,M.Sanchez,12,0,0,0,0,0,0
2,02:00,00-0030061,Z.Ertz,0,0,12,1,0,0,0
2,02:00,00-0020531,D.Brees,4,0,0,0,0,0,0
2,02:00,00-0029205,T.Cadet,0,0,4,1,0,0,0
2,02:00,00-0029795,B.Cunningham,0,0,0,1,0,0,0
2,02:00,00-0021206,J.McCown,4,0,0,0,0,0,0
2,02:00,00-0031390,C.Sims,0,0,4,1,0,0,0
2,02:00,00-0019596,T.Brady,4,0,0,0,0,0,0
2,02:00,00-0027150,J.Edelman,0,0,4,1,0,0,0
2,01:55,00-0025399,M.Lynch,0,1,0,0,0,0,0
2,01:55,00-0022803,E.Manning,5,0,0,0,0,0,0
2,01:55,00-0028838,L.Donnell,0,0,5,1,0,0,0
2,01:55,00-0022924,B.Roethlisberger,9,0,0,0,0,0,0
2,01:55,00-0027793,A.Brown,0,0,9,1,0,0,0
2,01:52,00-0027218,J.Bell,0,4,0,0,0,0,0
2,01:48,00-0029263,R.Wilson,9,0,0,0,0,0,0
2,01:48,00-0031257,P.Richardson,0,0,9,1,0,0,0
2,01:48,00-0022942,P.Rivers,4,0,0,0,0,0,0
2,01:48,00-0027003,D.Brown,0,0,4,1,0,0,0
2,01:39,00-0020531,D.Brees,12,0,0,0,0,0,0
2,01:39,00-0029205,T.Cadet,0,0,12,1,0,0,0
2,01:39,00-0022942,P.Rivers,14,0,0,0,0,0,0
2,01:39,00-0026182,E.Royal,0,0,14,1,0,0,0
2,01:35,00-0026143,M.Ryan,3,0,0,0,0,0,0
2,01:35,00-0022736,S.Jackson,0,0,3,1,0,0,0
2,01:34,00-0022803,E.Manning,6,0,0,0,0,0,0
2,01:34,00-0029262,R.Randle,0,0,6,1,0,0,0
2,01:31,00-0029510,J.Grimes,0,3,0,0,0,0,0
2,01:24,00-0029510,J.Grimes,0,5,0,0,0,0,0
2,01:21,00-0028198,M.Asiata,0,0,0,1,0,0,0
2,01:18,00-0029795,B.Cunningham,0,6,0,0,0,0,0
2,01:17,00-0023436,A.Smith,5,0,0,0,0,0,0
2,01:17,00-0030506,T.Kelce,0,0,5,1,0,0,0
2,01:15,00-0026143,M.Ryan,11,0,0,0,0,0,0
2,01:15,00-0027944,J.Jones,0,0,11,1,0,0,0
2,01:15,00-0022942,P.Rivers,13,0,0,0,0,0,0
2,01:15,00-0030279,K.Allen,0,0,13,1,0,0,0
2,01:15,00-0022924,B.Roethlisberger,11,0,0,0,0,0,0
2,01:15,00-0023465,H.Miller,0,0,11,1,0,0,0
2,01:13,00-0029701,R.Tannehill,6,0,0,0,0,0,0
2,01:13,00-0026937,B.Gibson,0,0,6,1,0,0,0
2,01:13,00-0027218,J.Bell,0,1,0,0,0,0,0
2,01:11,00-0029668,A.Luck,13,0,0,0,0,0,0
2,01:11,00-0029608,T.Hilton,0,0,13,1,0,0,0
2,01:09,00-0026143,M.Ryan,9,0,0,0,0,0,0
2,01:09,00-0027944,J.Jones,0,0,9,1,0,0,0
2,01:06,00-0028012,R.Mallett,9,0,0,0,0,0,0
2,01:06,00-0022044,A.Johnson,0,0,9,1,0,0,0
2,01:06,00-0029141,A.Morris,0,2,0,0,0,0,0
2,01:05,00-0026184,M.Forte,0,7,0,0,0,0,0
2,01:04,00-0023564,D.Sproles,0,8,0,0,0,0,0
2,01:00,00-0029668,A.Luck,10,0,0,0,1,0,0
2,01:00,00-0027005,H.Nicks,0,0,10,1,0,0,1
2,01:00,00-0030496,L.Bell,0,3,0,0,0,0,0
2,00:58,00-0026898,M.Sanchez,15,0,0,0,0,0,0
2,00:58,00-0030061,Z.Ertz,0,0,15,1,0,0,0
2,00:57,00-0031301,J.Hill,0,-2,0,0,0,0,0
2,00:56,00-0029701,R.Tannehill,0,1,0,0,0,0,0
2,00:54,00-0029263,R.Wilson,0,12,0,0,0,0,0
2,00:54,00-0022942,P.Rivers,9,0,0,0,0,0,0
2,00:54,00-0022414,M.Floyd,0,0,9,1,0,0,0
2,00:53,00-0022803,E.Manning,11,0,0,0,0,0,0
2,00:53,00-0029262,R.Randle,0,0,11,1,0,0,0
2,00:51,00-0019596,T.Brady,0,-1,0,0,0,0,0
2,00:50,00-0026143,M.Ryan,3,0,0,0,0,0,0
2,00:50,00-0028083,J.Rodgers,0,0,3,1,0,0,0
2,00:50,00-0028012,R.Mallett,14,0,0,0,0,0,0
2,00:50,00-0027718,G.Graham,0,0,14,1,0,0,0
2,00:50,00-0026898,M.Sanchez,40,0,0,0,0,0,0
2,00:50,00-0031299,J.Matthews,0,0,40,1,0,0,0
2,00:44,00-0026143,M.Ryan,1,0,0,0,0,0,0
2,00:44,00-0028083,J.Rodgers,0,0,1,1,0,0,0
2,00:44,00-0031266,Z.Mettenberger,80,0,0,0,1,0,0
2,00:44,00-0023367,N.Washington,0,0,80,1,0,0,1
2,00:43,00-0029141,A.Morris,0,19,0,0,0,0,0
2,00:39,00-0029263,R.Wilson,12,0,0,0,0,0,0
2,00:39,00-0028434,D.Baldwin,0,0,12,1,0,0,0
2,00:34,00-0029665,R.Griffin,24,0,0,0,0,0,0
2,00:34,00-0029141,A.Morris,0,0,24,1,0,0,0
2,00:34,00-0026498,M.Stafford,4,0,0,0,0,0,0
2,00:34,00-0031387,E.Ebron,0,0,4,1,0,0,0
2,00:33,00-0022803,E.Manning,5,0,0,0,0,0,0
2,00:33,00-0027155,R.Jennings,0,0,5,1,0,0,0
2,00:31,00-0023541,K.Orton,0,-1,0,0,0,0,0
2,00:31,00-0029263,R.Wilson,0,14,0,0,0,0,0
2,00:31,00-0029795,B.Cunningham,0,1,0,0,0,0,0
2,00:31,00-0022942,P.Rivers,5,0,0,0,0,0,0
2,00:31,00-0021547,A.Gates,0,0,5,1,0,0,0
2,00:28,00-0028012,R.Mallett,20,0,0,0,1,0,0
2,00:28,00-0027718,G.Graham,0,0,20,1,0,0,1
2,00:27,00-0022942,P.Rivers,7,0,0,0,0,0,0
2,00:27,00-0030279,K.Allen,0,0,7,1,0,0,0
2,00:25,00-0029665,R.Griffin,4,0,0,0,0,0,0
2,00:25,00-0028043,R.Helu,0,0,4,1,0,0,0
2,00:24,00-0026143,M.Ryan,10,0,0,0,0,0,0
2,00:24,00-0023462,R.White,0,0,10,1,0,0,0
2,00:24,00-0026184,M.Forte,0,15,0,0,0,0,0
2,00:23,00-0022803,E.Manning,3,0,0,0,0,0,0
2,00:23,00-0027155,R.Jennings,0,0,3,1,0,0,0
2,00:20,00-0025430,D.Stanton,0,-1,0,0,0,0,0
2,00:19,00-0029665,R.Griffin,30,0,0,0,1,0,0
2,00:19,00-0028043,R.Helu,0,0,30,1,0,0,1
2,00:16,00-0010346,P.Manning,0,-1,0,0,0,0,0
2,00:14,00-0031301,J.Hill,0,62,0,0,0,0,0
2,00:11,00-0026143,M.Ryan,11,0,0,0,0,0,0
2,00:11,00-0027944,J.Jones,0,0,11,1,0,0,0
2,00:11,00-0019596,T.Brady,0,-1,0,0,0,0,0
2,00:07,00-0031237,T.Bridgewater,0,-1,0,0,0,0,0
2,00:07,00-0026625,B.Hoyer,0,-1,0,0,0,0,0
2,00:01,00-0027974,C.Kaepernick,0,-1,0,0,0,0,0
3,15:00,00-0024242,D.Williams,0,4,0,0,0,0,0
3,15:00,00-0024226,J.Cutler,6,0,0,0,0,0,0
3,15:00,00-0026184,M.Forte,0,0,6,1,0,0,0
3,15:00,00-0024226,J.Cutler,6,0,0,0,0,0,0
3,15:00,00-0030047,M.Wilson,0,0,6,1,0,0,0
3,15:00,00-0024226,J.Cutler,9,0,0,0,0,0,0
3,15:00,00-0026184,M.Forte,0,0,9,1,0,0,0
3,15:00,00-0026184,M.Forte,0,2,0,0,0,0,0
3,15:00,00-0024226,J.Cutler,18,0,0,0,0,0,0
3,15:00,00-0029137,A.Jeffery,0,0,18,1,0,0,0
3,15:00,00-0024226,J.Cutler,34,0,0,0,0,0,0
3,15:00,00-0029137,A.Jeffery,0,0,34,1,0,0,0
3,15:00,00-0026184,M.Forte,0,2,0,0,0,0,0
3,15:00,00-0024226,J.Cutler,5,0,0,0,0,0,0
3,15:00,00-0029137,A.Jeffery,0,0,5,1,0,0,0
3,15:00,00-0030656,I.Crowell,0,9,0,0,0,0,0
3,15:00,00-0026898,M.Sanchez,7,0,0,0,0,0,0
3,15:00,00-0026995,J.Maclin,0,0,7,1,0,0,0
3,15:00,00-0010346,P.Manning,10,0,0,0,0,0,0
3,15:00,00-0026267,J.Tamme,0,0,10,1,0,0,0
3,15:00,00-0026498,M.Stafford,15,0,0,0,0,0,0
3,15:00,00-0025389,C.Johnson,0,0,15,1,0,0,0
3,14:55,00-0027772,A.Dixon,0,3,0,0,0,0,0
3,14:55,00-0027864,Ry.Mathews,0,2,0,0,0,0,0
3,14:54,00-0031301,J.Hill,0,5,0,0,0,0,0
3,14:54,00-0027155,R.Jennings,0,3,0,0,0,0,0
3,14:54,00-0031413,B.Sankey,0,6,0,0,0,0,0
3,14:53,00-0026213,J.Charles,0,6,0,0,0,0,0
3,14:52,00-0021206,J.McCown,9,0,0,0,0,0,0
3,14:52,00-0023496,V.Jackson,0,0,9,1,0,0,0
3,14:36,00-0030656,I.Crowell,0,1,0,0,0,0,0
3,14:31,00-0029854,C.Anderson,0,4,0,0,0,0,0
3,14:29,00-0027973,A.Dalton,13,0,0,0,0,0,0
3,14:29,00-0027942,A.Green,0,0,13,1,0,0,0
3,14:28,00-0023541,K.Orton,6,0,0,0,0,0,0
3,14:28,00-0030431,R.Woods,0,0,6,1,0,0,0
3,14:28,00-0023436,A.Smith,10,0,0,0,0,0,0
3,14:28,00-0031060,D.Thomas,0,0,10,1,0,0,0
3,14:25,00-0022942,P.Rivers,5,0,0,0,0,0,0
3,14:25,00-0030279,K.Allen,0,0,5,1,0,0,0
3,14:22,00-0024242,D.Williams,0,4,0,0,0,0,0
3,14:22,00-0031413,B.Sankey,0,2,0,0,0,0,0
3,14:21,00-0019596,T.Brady,39,0,0,0,0,0,0
3,14:21,00-0027994,S.Vereen,0,0,39,1,0,0,0
3,14:17,00-0027218,J.Bell,0,21,0,0,0,0,0
3,14:14,00-0026898,M.Sanchez,26,0,0,0,0,0,0
3,14:14,00-0026995,J.Maclin,0,0,26,1,0,0,0
3,14:10,00-0031301,J.Hill,0,-1,0,0,0,0,0
3,14:04,00-0031390,C.Sims,0,2,0,0,0,0,0
3,14:03,00-0010346,P.Manning,13,0,0,0,0,0,0
3,14:03,00-0027685,E.Sanders,0,0,13,1,0,0,0
3,14:00,00-0029429,B.Brown,0,-6,0,0,0,0,0
3,13:51,00-0019596,T.Brady,14,0,0,0,0,0,0
3,13:51,00-0027681,B.LaFell,0,0,14,1,0,0,0
3,13:42,00-0028012,R.Mallett,6,0,0,0,0,0,0
3,13:42,00-0029415,K.Martin,0,0,6,1,0,0,0
3,13:41,00-0027758,R.Cooper,0,0,5,1,0,0,0
3,13:41,00-0026898,M.Sanchez,5,0,0,0,0,0,0
3,13:41,00-0031060,D.Thomas,0,7,0,0,0,0,0
3,13:37,00-0027218,J.Bell,0,-3,0,0,0,0,0
3,13:36,00-0031390,C.Sims,0,4,0,0,0,0,0
3,13:35,00-0022736,S.Jackson,0,4,0,0,0,0,0
3,13:35,00-0029104,J.Gray,0,14,0,0,0,0,0
3,13:16,00-0030496,L.Bell,0,5,0,0,0,0,0
3,13:14,00-0028012,R.Mallett,5,0,0,0,0,0,0
3,13:14,00-0029435,D.Johnson,0,0,5,1,0,0,0
3,13:13,00-0027966,M.Ingram,0,1,0,0,0,0,0
3,13:09,00-0029615,L.Miller,0,4,0,0,0,0,0
3,13:06,00-0026213,J.Charles,0,4,0,0,0,0,0
3,13:04,00-0031280,D.Carr,-4,0,0,0,0,0,0
3,13:04,00-0026393,M.Reece,0,0,-4,1,0,0,0
3,13:01,00-0029104,J.Gray,0,5,0,0,0,0,0
3,12:56,00-0022736,S.Jackson,0,2,0,0,0,0,0
3,12:53,00-0021206,J.McCown,2,0,0,0,0,0,0
3,12:53,00-0031390,C.Sims,0,0,2,1,0,0,0
3,12:52,00-0031075,A.Blue,0,3,0,0,0,0,0
3,12:42,00-0030496,L.Bell,0,6,0,0,0,0,0
3,12:37,00-0020531,D.Brees,1,0,0,0,0,0,0
3,12:37,00-0027844,E.Lorig,0,0,1,1,0,0,0
3,12:34,00-0029104,J.Gray,0,4,0,0,0,0,0
3,12:32,00-0023500,F.Gore,0,11,0,0,0,0,0
3,12:29,00-0020679,S.Hill,7,0,0,0,0,0,0
3,12:29,00-0027061,J.Cook,0,0,7,1,0,0,0
3,12:27,00-0029701,R.Tannehill,7,0,0,0,0,0,0
3,12:27,00-0028112,C.Clay,0,0,7,1,0,0,0
3,12:26,00-0031060,D.Thomas,0,7,0,0,0,0,0
3,12:23,00-0026144,D.McFadden,0,3,0,0,0,0,0
3,12:17,00-0026498,M.Stafford,14,0,0,0,0,0,0
3,12:17,00-0025389,C.Johnson,0,0,14,1,0,0,0
3,12:14,00-0023459,A.Rodgers,0,16,0,0,0,0,0
3,12:07,00-0031075,A.Blue,0,7,0,0,0,0,0
3,11:58,00-0022924,B.Roethlisberger,11,0,0,0,0,0,0
3,11:58,00-0027793,A.Brown,0,0,11,1,0,0,0
3,11:56,00-0029104,J.Gray,0,2,0,0,0,0,0
3,11:54,00-0020531,D.Brees,12,0,0,0,0,0,0
3,11:54,00-0027696,J.Graham,0,0,12,1,0,0,0
3,11:52,00-0027974,C.Kaepernick,48,0,0,0,1,0,0
3,11:52,00-0026986,M.Crabtree,0,0,48,1,0,0,1
3,11:51,00-0029141,A.Morris,0,3,0,0,0,0,0
3,11:49,00-0030287,A.Ellington,0,3,0,0,0,0,0
3,11:45,00-0026213,J.Charles,0,8,0,0,0,0,0
3,11:29,00-0027155,R.Jennings,0,5,0,0,0,0,0
3,11:27,00-0027791,J.Starks,0,0,3,1,0,0,0
3,11:27,00-0023459,A.Rodgers,3,0,0,0,0,0,0
3,11:24,00-0020679,S.Hill,7,0,0,0,0,0,0
3,11:24,00-0029795,B.Cunningham,0,0,7,1,0,0,0
3,11:21,00-0024242,D.Williams,0,8,0,0,0,0,0
3,11:18,00-0031075,A.Blue,0,14,0,0,0,0,0
3,11:18,00-0020531,D.Brees,4,0,0,0,0,0,0
3,11:18,00-0027966,M.Ingram,0,0,4,1,0,0,0
3,11:18,00-0022924,B.Roethlisberger,4,0,0,0,0,0,0
3,11:18,00-0027793,A.Brown,0,0,4,1,0,0,0
3,11:16,00-0019596,T.Brady,2,0,0,0,1,0,0
3,11:16,00-0029910,T.Wright,0,0,2,1,0,0,1
3,11:15,00-0029665,R.Griffin,10,0,0,0,0,0,0
3,11:15,00-0030472,J.Reed,0,0,10,1,0,0,0
3,11:15,00-0027864,Ry.Mathews,0,5,0,0,0,0,0
3,11:01,00-0029510,J.Grimes,0,4,0,0,0,0,0
3,11:00,00-0023436,A.Smith,9,0,0,0,0,0,0
3,11:00,00-0025410,D.Bowe,0,0,9,1,0,0,0
3,10:55,00-0027155,R.Jennings,0,-1,0,0,0,0,0
3,10:52,00-0029701,R.Tannehill,5,0,0,0,0,0,0
3,10:52,00-0028112,C.Clay,0,0,5,1,0,0,0
3,10:47,00-0025430,D.Stanton,16,0,0,0,0,0,0
3,10:47,00-0026178,J.Carlson,0,0,16,1,0,0,0
3,10:45,00-0029665,R.Griffin,0,6,0,0,0,0,0
3,10:42,00-0031381,D.Adams,0,0,7,1,0,0,0
3,10:42,00-0023459,A.Rodgers,7,0,0,0,0,0,0
3,10:40,00-0027966,M.Ingram,0,1,0,0,0,0,0
3,10:35,00-0029668,A.Luck,16,0,0,0,0,0,0
3,10:35,00-0020498,R.Wayne,0,0,16,1,0,0,0
3,10:34,00-0029510,J.Grimes,0,4,0,0,0,0,0
3,10:30,00-0020679,S.Hill,12,0,0,0,0,0,0
3,10:30,00-0029795,B.Cunningham,0,0,12,1,0,0,0
3,10:23,00-0022803,E.Manning,9,0,0,0,0,0,0
3,10:23,00-0027450,P.Parker,0,0,9,1,0,0,0
3,10:23,00-0027864,Ry.Mathews,0,20,0,0,0,0,0
3,10:22,00-0029141,A.Morris,0,5,0,0,0,0,0
3,10:21,00-0026213,J.Charles,0,4,0,0,0,0,0
3,10:20,00-0024272,D.Hester,0,9,0,0,0,0,0
3,10:07,00-0028345,R.Hughes,0,2,0,0,0,0,0
3,10:03,00-0023459,A.Rodgers,20,0,0,0,0,0,0
3,10:03,00-0028002,R.Cobb,0,0,20,1,0,0,0
3,09:59,00-0029668,A.Luck,4,0,0,0,0,0,0
3,09:59,00-0029697,C.Fleener,0,0,4,1,0,0,0
3,09:57,00-0029435,D.Johnson,0,0,0,1,0,0,0
3,09:53,00-0023541,K.Orton,6,0,0,0,0,0,0
3,09:53,00-0028237,C.Hogan,0,0,6,1,0,0,0
3,09:51,00-0027864,Ry.Mathews,0,4,0,0,0,0,0
3,09:49,00-0027973,A.Dalton,10,0,0,0,0,0,0
3,09:49,00-0030288,R.Burkhead,0,0,10,1,0,0,0
3,09:42,00-0026213,J.Charles,0,1,0,0,0,0,0
3,09:41,00-0022803,E.Manning,18,0,0,0,0,0,0
3,09:41,00-0029262,R.Randle,0,0,18,1,0,0,0
3,09:38,00-0022736,S.Jackson,0,4,0,0,0,0,0
3,09:27,00-0023541,K.Orton,17,0,0,0,0,0,0
3,09:27,00-0028237,C.Hogan,0,0,17,1,0,0,0
3,09:24,00-0025430,D.Stanton,4,0,0,0,0,0,0
3,09:24,00-0030300,Ja. Brown,0,0,4,1,0,0,0
3,09:22,00-0027791,J.Starks,0,-2,0,0,0,0,0
3,09:22,00-0029668,A.Luck,5,0,0,0,0,0,0
3,09:22,00-0020498,R.Wayne,0,0,5,1,0,0,0
3,09:16,00-0026625,B.Hoyer,11,0,0,0,0,0,0
3,09:16,00-0030656,I.Crowell,0,0,11,1,0,0,0
3,09:16,00-0031277,B.Oliver,0,2,0,0,0,0,0
3,09:11,00-0020679,S.Hill,1,0,0,0,0,0,0
3,09:11,00-0031391,T.Mason,0,0,1,1,0,0,0
3,09:06,00-0027155,R.Jennings,0,3,0,0,0,0,0
3,09:02,00-0026143,M.Ryan,3,0,0,0,0,0,0
3,09:02,00-0022736,S.Jackson,0,0,3,1,0,0,0
3,08:58,00-0023436,A.Smith,8,0,0,0,0,0,0
3,08:58,00-0030280,K.Davis,0,0,8,1,0,0,0
3,08:58,00-0031266,Z.Mettenberger,18,0,0,0,0,0,0
3,08:58,00-0027069,C.Coffman,0,0,18,1,0,0,0
3,08:54,00-0031325,S.Watkins,0,3,0,0,0,0,0
3,08:49,00-0026286,J.Felton,0,3,0,0,0,0,0
3,08:49,00-0031237,T.Bridgewater,13,0,0,0,0,0,0
3,08:49,00-0030113,Ch.Johnson,0,0,13,1,0,0,0
3,08:49,00-0030656,I.Crowell,0,-2,0,0,0,0,0
3,08:43,00-0025430,D.Stanton,14,0,0,0,0,0,0
3,08:43,00-0031051,Jo. Brown,0,0,14,1,0,0,0
3,08:38,00-0027791,J.Starks,0,4,0,0,0,0,0
3,08:28,00-0030280,K.Davis,0,-2,0,0,0,0,0
3,08:27,00-0029104,J.Gray,0,4,0,0,0,0,0
3,08:23,00-0031413,B.Sankey,0,4,0,0,0,0,0
3,08:21,00-0022736,S.Jackson,0,-1,0,0,0,0,0
3,08:14,00-0023541,K.Orton,18,0,0,0,0,0,0
3,08:14,00-0031325,S.Watkins,0,0,18,1,0,0,0
3,08:12,00-0029854,C.Anderson,0,9,0,0,0,0,0
3,08:08,00-0027973,A.Dalton,15,0,0,0,0,0,0
3,08:08,00-0030288,R.Burkhead,0,0,15,1,0,0,0
3,08:07,00-0022942,P.Rivers,7,0,0,0,0,0,0
3,08:07,00-0030279,K.Allen,0,0,7,1,0,0,0
3,08:02,00-0030287,A.Ellington,0,-7,0,0,0,0,0
3,07:56,00-0028012,R.Mallett,15,0,0,0,0,0,0
3,07:56,00-0030564,D.Hopkins,0,0,15,1,0,0,0
3,07:54,00-0029665,R.Griffin,8,0,0,0,0,0,0
3,07:54,00-0026189,D.Jackson,0,0,8,1,0,0,0
3,07:49,00-0029854,C.Anderson,0,3,0,0,0,0,0
3,07:49,00-0019596,T.Brady,26,0,0,0,0,0,0
3,07:49,00-0027681,B.LaFell,0,0,26,1,0,0,0
3,07:47,00-0026143,M.Ryan,18,0,0,0,0,0,0
3,07:47,00-0024272,D.Hester,0,0,18,1,0,0,0
3,07:45,00-0026898,M.Sanchez,11,0,0,0,0,0,0
3,07:45,00-0025549,B.Celek,0,0,11,1,0,0,0
3,07:42,00-0031075,A.Blue,0,7,0,0,0,0,0
3,07:41,00-0031266,Z.Mettenberger,10,0,0,0,0,0,0
3,07:41,00-0027069,C.Coffman,0,0,10,1,0,0,0
3,07:33,00-0025399,M.Lynch,0,5,0,0,0,0,0
3,07:33,00-0027155,R.Jennings,0,1,0,0,0,0,0
3,07:32,00-0031301,J.Hill,0,9,0,0,0,0,0
3,07:21,00-0027029,L.McCoy,0,5,0,0,0,0,0
3,07:20,00-0031075,A.Blue,0,11,0,0,0,0,0
3,07:20,00-0030282,S.Taylor,0,5,0,0,0,0,0
3,07:11,00-0026143,M.Ryan,20,0,0,0,0,0,0
3,07:11,00-0030443,L.Toilolo,0,0,20,1,0,0,0
3,07:11,00-0010346,P.Manning,9,0,0,0,0,0,0
3,07:11,00-0029854,C.Anderson,0,0,9,1,0,0,0
3,07:09,00-0024226,J.Cutler,4,0,0,0,0,0,0
3,07:09,00-0026201,M.Bennett,0,0,4,1,0,0,0
3,07:09,00-0024226,J.Cutler,0,11,0,0,0,0,0
3,07:09,00-0024226,J.Cutler,7,0,0,0,0,0,0
3,07:09,00-0029137,A.Jeffery,0,0,7,1,0,0,0
3,07:09,00-0024226,J.Cutler,1,0,0,0,0,0,0
3,07:09,00-0024334,B.Marshall,0,0,1,1,0,0,0
3,07:06,00-0029104,J.Gray,0,1,0,0,0,0,0
3,07:02,00-0031301,J.Hill,0,5,0,0,0,0,0
3,07:00,00-0027029,L.McCoy,0,4,0,0,0,0,0
3,06:58,00-0031075,A.Blue,0,4,0,0,0,0,0
3,06:52,00-0029159,J.Kearse,0,0,0,1,0,0,0
3,06:51,00-0029384,B.Rainey,0,1,0,0,0,0,0
3,06:49,00-0031045,C.Hyde,0,1,0,0,0,0,0
3,06:42,00-0031280,D.Carr,-1,0,0,0,0,0,0
3,06:42,00-0030513,L.Murray,0,0,-1,1,0,0,0
3,06:39,00-0010346,P.Manning,3,0,0,0,0,0,0
3,06:39,00-0027874,D.Thomas,0,0,3,1,0,0,0
3,06:38,00-0026143,M.Ryan,2,0,0,0,1,0,0
3,06:38,00-0023462,R.White,0,0,2,1,0,0,1
3,06:37,00-0027029,L.McCoy,0,2,0,0,0,0,0
3,06:34,00-0026498,M.Stafford,3,0,0,0,0,0,0
3,06:34,00-0031387,E.Ebron,0,0,3,1,0,0,0
3,06:34,00-0031266,Z.Mettenberger,36,0,0,0,0,0,0
3,06:34,00-0030521,J.Hunter,0,0,36,1,0,0,0
3,06:29,00-0027973,A.Dalton,9,0,0,0,0,0,0
3,06:29,00-0029632,M.Sanu,0,0,9,1,0,0,0
3,06:27,00-0028012,R.Mallett,7,0,0,0,0,0,0
3,06:27,00-0030564,D.Hopkins,0,0,7,1,0,0,0
3,06:26,00-0029701,R.Tannehill,11,0,0,0,0,0,0
3,06:26,00-0031382,J.Landry,0,0,11,1,0,0,0
3,06:26,00-0024242,D.Williams,0,3,0,0,0,0,0
3,06:25,00-0027150,J.Edelman,0,6,0,0,0,0,0
3,06:17,00-0029510,J.Grimes,0,11,0,0,0,0,0
3,06:11,00-0027974,C.Kaepernick,8,0,0,0,0,0,0
3,06:11,00-0026364,S.Johnson,0,0,8,1,0,0,0
3,06:11,00-0021206,J.McCown,21,0,0,0,0,0,0
3,06:11,00-0027135,B.Myers,0,0,21,1,0,0,0
3,06:09,00-0029263,R.Wilson,6,0,0,0,0,0,0
3,06:09,00-0028434,D.Baldwin,0,0,6,1,0,0,0
3,06:06,00-0027973,A.Dalton,1,0,0,0,1,0,0
3,06:06,00-0027873,J.Gresham,0,0,1,1,0,0,1
3,06:03,00-0027966,M.Ingram,0,13,0,0,0,0,0
3,06:01,00-0031266,Z.Mettenberger,9,0,0,0,0,0,0
3,06:01,00-0025701,J.Battle,0,0,9,1,0,0,0
3,05:59,00-0026498,M.Stafford,13,0,0,0,0,0,0
3,05:59,00-0025389,C.Johnson,0,0,13,1,0,0,0
3,05:56,00-0026898,M.Sanchez,7,0,0,0,0,0,0
3,05:56,00-0026995,J.Maclin,0,0,7,1,0,0,0
3,05:54,00-0029615,L.Miller,0,5,0,0,0,0,0
3,05:54,00-0029510,J.Grimes,0,5,0,0,0,0,0
3,05:51,00-0027939,C.Newton,3,0,0,0,0,0,0
3,05:51,00-0027675,E.Dickson,0,0,3,1,0,0,0
3,05:48,00-0031391,T.Mason,0,4,0,0,0,0,0
3,05:47,00-0022942,P.Rivers,0,-1,0,0,0,0,0
3,05:38,00-0020531,D.Brees,4,0,0,0,0,0,0
3,05:38,00-0027966,M.Ingram,0,0,4,1,0,0,0
3,05:38,00-0019596,T.Brady,16,0,0,0,0,0,0
3,05:38,00-0027656,R.Gronkowski,0,0,16,1,0,0,0
3,05:29,00-0025399,M.Lynch,0,1,0,0,0,0,0
3,05:26,00-0027974,C.Kaepernick,11,0,0,0,0,0,0
3,05:26,00-0023500,F.Gore,0,0,11,1,0,0,0
3,05:26,00-0029384,B.Rainey,0,2,0,0,0,0,0
3,05:25,00-0027029,L.McCoy,0,13,0,0,0,0,0
3,05:18,00-0029701,R.Tannehill,5,0,0,0,0,0,0
3,05:18,00-0031382,J.Landry,0,0,5,1,0,0,0
3,05:17,00-0026899,S.Greene,0,2,0,0,0,0,0
3,05:12,00-0031375,T.West,0,-2,0,0,0,0,0
3,05:11,00-0031391,T.Mason,0,27,0,0,0,0,0
3,05:11,00-0022942,P.Rivers,5,0,0,0,0,0,0
3,05:11,00-0030279,K.Allen,0,0,5,1,0,0,0
3,05:10,00-0019596,T.Brady,14,0,0,0,0,0,0
3,05:10,00-0027994,S.Vereen,0,0,14,1,0,0,0
3,05:05,00-0020531,D.Brees,7,0,0,0,0,0,0
3,05:05,00-0028532,J.Morgan,0,0,7,1,0,0,0
3,05:03,00-0027218,J.Bell,0,-3,0,0,0,0,0
3,05:02,00-0031285,D.Freeman,0,2,0,0,0,0,0
3,05:01,00-0026898,M.Sanchez,14,0,0,0,0,0,0
3,05:01,00-0027758,R.Cooper,0,0,14,1,0,0,0
3,04:52,00-0029263,R.Wilson,0,1,0,0,0,0,0
3,04:44,00-0021206,J.McCown,36,0,0,0,1,0,0
3,04:44,00-0031408,M.Evans,0,0,36,1,0,0,1
3,04:43,00-0031391,T.Mason,0,1,0,0,0,0,0
3,04:42,00-0023500,F.Gore,0,5,0,0,0,0,0
3,04:42,00-0029104,J.Gray,0,5,0,0,0,0,0
3,04:41,00-0027966,M.Ingram,0,8,0,0,0,0,0
3,04:37,00-0029701,R.Tannehill,5,0,0,0,0,0,0
3,04:37,00-0028112,C.Clay,0,0,5,1,0,0,0
3,04:37,00-0026625,B.Hoyer,12,0,0,0,0,0,0
3,04:37,00-0023921,M.Austin,0,0,12,1,0,0,0
3,04:36,00-0031413,B.Sankey,0,4,0,0,0,0,0
3,04:34,00-0026143,M.Ryan,11,0,0,0,0,0,0
3,04:34,00-0027944,J.Jones,0,0,11,1,0,0,0
3,04:32,00-0029141,A.Morris,0,5,0,0,0,0,0
3,04:29,00-0026898,M.Sanchez,6,0,0,0,0,0,0
3,04:29,00-0030061,Z.Ertz,0,0,6,1,0,0,0
3,04:12,00-0029615,L.Miller,0,7,0,0,0,0,0
3,04:06,00-0027966,M.Ingram,0,3,0,0,0,0,0
3,04:05,00-0030282,S.Taylor,0,1,0,0,0,0,0
3,04:04,00-0031285,D.Freeman,0,15,0,0,0,0,0
3,04:03,00-0029104,J.Gray,0,6,0,0,0,0,0
3,04:00,00-0030525,T.Austin,0,9,0,0,0,0,0
3,03:59,00-0023500,F.Gore,0,5,0,0,0,0,0
3,03:56,00-0029665,R.Griffin,13,0,0,0,0,0,0
3,03:56,00-0027691,A.Roberts,0,0,13,1,0,0,0
3,03:52,00-0027890,B.Tate,0,-6,0,0,0,0,0
3,03:50,00-0030061,Z.Ertz,0,0,22,1,0,0,0
3,03:50,00-0026898,M.Sanchez,22,0,0,0,0,0,0
3,03:48,00-0031266,Z.Mettenberger,4,0,0,0,1,0,0
3,03:48,00-0027069,C.Coffman,0,0,4,1,0,0,1
3,03:38,00-0031285,D.Freeman,0,1,0,0,0,0,0
3,03:34,00-0029104,J.Gray,0,2,0,0,0,1,0
3,03:28,00-0030496,L.Bell,0,7,0,0,0,0,0
3,03:25,00-0025430,D.Stanton,4,0,0,0,0,0,0
3,03:25,00-0030282,S.Taylor,0,0,4,1,0,0,0
3,03:24,00-0024275,M.Jones-Drew,0,1,0,0,0,0,0
3,03:23,00-0029701,R.Tannehill,31,0,0,0,0,0,0
3,03:23,00-0027077,B.Hartline,0,0,31,1,0,0,0
3,03:23,00-0029668,A.Luck,45,0,0,0,0,0,0
3,03:23,00-0029697,C.Fleener,0,0,45,1,0,0,0
3,03:20,00-0027966,M.Ingram,0,4,0,0,0,0,0
3,03:19,00-0027029,L.McCoy,0,4,0,0,0,0,0
3,03:15,00-0031391,T.Mason,0,1,0,0,0,0,0
3,03:14,00-0026189,D.Jackson,0,2,0,0,0,0,0
3,03:09,00-0026143,M.Ryan,11,0,0,0,0,0,0
3,03:09,00-0023462,R.White,0,0,11,1,0,0,0
3,03:05,00-0025399,M.Lynch,0,5,0,0,0,0,0
3,03:05,00-0031045,C.Hyde,0,4,0,0,0,0,0
3,03:00,00-0029615,L.Miller,0,9,0,0,0,0,0
3,02:53,00-0031376,J.McKinnon,0,3,0,0,0,0,0
3,02:52,00-0026898,M.Sanchez,4,0,0,0,0,0,0
3,02:52,00-0026995,J.Maclin,0,0,4,1,0,0,0
3,02:51,00-0022736,S.Jackson,0,4,0,0,0,0,0
3,02:50,00-0028012,R.Mallett,6,0,0,0,0,0,0
3,02:50,00-0022044,A.Johnson,0,0,6,1,0,0,0
3,02:45,00-0026144,D.McFadden,0,4,0,0,0,0,0
3,02:45,00-0022924,B.Roethlisberger,0,4,0,0,0,0,0
3,02:39,00-0020531,D.Brees,7,0,0,0,0,0,0
3,02:39,00-0029205,T.Cadet,0,0,7,1,0,0,0
3,02:31,00-0020679,S.Hill,6,0,0,0,0,0,0
3,02:31,00-0030532,S.Bailey,0,0,6,1,0,0,0
3,02:30,00-0029263,R.Wilson,27,0,0,0,0,0,0
3,02:30,00-0030089,L.Willson,0,0,27,1,0,0,0
3,02:30,00-0029665,R.Griffin,0,5,0,0,0,0,0
3,02:27,00-0031299,J.Matthews,0,0,10,1,0,0,1
3,02:27,00-0026898,M.Sanchez,10,0,0,0,1,0,0
3,02:27,00-0027974,C.Kaepernick,0,2,0,0,0,0,0
3,02:27,00-0029668,A.Luck,22,0,0,0,0,0,0
3,02:27,00-0029697,C.Fleener,0,0,22,1,0,0,0
3,02:25,00-0029701,R.Tannehill,7,0,0,0,1,0,0
3,02:25,00-0026937,B.Gibson,0,0,7,1,0,0,1
3,02:22,00-0027891,G.Tate,0,8,0,0,0,0,0
3,02:21,00-0030485,E.Lacy,0,6,0,0,0,0,0
3,02:16,00-0031075,A.Blue,0,-4,0,0,0,0,0
3,02:15,00-0027966,M.Ingram,0,-1,0,0,0,0,0
3,02:13,00-0031237,T.Bridgewater,4,0,0,0,0,0,0
3,02:13,00-0024267,G.Jennings,0,0,4,1,0,0,0
3,02:10,00-0029668,A.Luck,5,0,0,0,0,0,0
3,02:10,00-0027005,H.Nicks,0,0,5,1,0,0,0
3,02:08,00-0026143,M.Ryan,15,0,0,0,0,0,0
3,02:08,00-0024272,D.Hester,0,0,15,1,0,0,0
3,02:03,00-0031280,D.Carr,7,0,0,0,0,0,0
3,02:03,00-0025465,J.Jones,0,0,7,1,0,0,0
3,01:58,00-0027939,C.Newton,17,0,0,0,0,0,0
3,01:58,00-0027675,E.Dickson,0,0,17,1,0,0,0
3,01:58,00-0030496,L.Bell,0,27,0,0,0,0,0
3,01:56,00-0023541,K.Orton,-4,0,0,0,0,0,0
3,01:56,00-0029429,B.Brown,0,0,-4,1,0,0,0
3,01:55,00-0031390,C.Sims,0,-4,0,0,0,0,0
3,01:49,00-0027155,R.Jennings,0,15,0,0,0,0,0
3,01:45,00-0025399,M.Lynch,0,8,0,0,0,0,0
3,01:40,00-0027218,J.Bell,0,1,0,0,0,0,0
3,01:38,00-0020531,D.Brees,15,0,0,0,0,0,0
3,01:38,00-0025439,B.Leonard,0,0,15,1,0,0,0
3,01:38,00-0025637,A.Bradshaw,0,-3,0,0,0,0,0
3,01:37,00-0010346,P.Manning,7,0,0,0,0,0,0
3,01:37,00-0029854,C.Anderson,0,0,7,1,0,0,0
3,01:35,00-0030485,E.Lacy,0,5,0,0,0,0,0
3,01:29,00-0030496,L.Bell,0,11,0,0,0,0,0
3,01:26,00-0024226,J.Cutler,4,0,0,0,0,0,0
3,01:26,00-0026201,M.Bennett,0,0,4,1,0,0,0
3,01:24,00-0026625,B.Hoyer,0,-7,0,0,0,0,0
3,01:22,00-0029731,F.Whittaker,0,5,0,0,0,0,0
3,01:21,00-0030513,L.Murray,0,14,0,0,0,0,0
3,01:17,00-0027155,R.Jennings,0,3,0,0,0,0,0
3,01:09,00-0025399,M.Lynch,0,3,0,0,0,0,0
3,01:07,00-0010346,P.Manning,16,0,0,0,0,0,0
3,01:07,00-0027874,D.Thomas,0,0,16,1,0,0,0
3,01:04,00-0029668,A.Luck,0,7,0,0,0,0,0
3,00:57,00-0023541,K.Orton,11,0,0,0,0,0,0
3,00:57,00-0029429,B.Brown,0,0,11,1,0,0,0
3,00:52,00-0030496,L.Bell,0,2,0,0,0,0,0
3,00:50,00-0030485,E.Lacy,0,37,0,0,0,0,0
3,00:48,00-0021206,J.McCown,5,0,0,0,0,0,0
3,00:48,00-0031408,M.Evans,0,0,5,1,0,0,0
3,00:46,00-0030513,L.Murray,0,23,0,0,0,0,0
3,00:45,00-0010346,P.Manning,12,0,0,0,0,0,0
3,00:45,00-0029854,C.Anderson,0,0,12,1,0,0,0
3,00:43,00-0026184,M.Forte,0,32,0,0,0,0,0
3,00:36,00-0022803,E.Manning,6,0,0,0,0,0,0
3,00:36,00-0031235,O.Beckham,0,0,6,1,0,0,0
3,00:31,00-0029668,A.Luck,2,0,0,0,0,0,0
3,00:31,00-0025637,A.Bradshaw,0,0,2,1,0,0,0
3,00:28,00-0022736,S.Jackson,0,2,0,0,0,0,0
3,00:27,00-0029429,B.Brown,0,-1,0,0,0,0,0
3,00:27,00-0029263,R.Wilson,1,0,0,0,1,0,0
3,00:27,00-0027695,T.Moeaki,0,0,1,1,0,0,1
3,00:25,00-0020531,D.Brees,6,0,0,0,0,0,0
3,00:25,00-0027966,M.Ingram,0,0,6,1,0,0,0
3,00:25,00-0030287,A.Ellington,0,-1,0,0,0,0,0
3,00:22,00-0027974,C.Kaepernick,13,0,0,0,0,0,0
3,00:22,00-0022084,A.Boldin,0,0,13,1,0,0,0
3,00:17,00-0026213,J.Charles,0,1,0,0,0,0,0
3,00:15,00-0031075,A.Blue,0,1,0,0,0,0,0
3,00:10,00-0026144,D.McFadden,0,5,0,0,0,0,0
3,00:10,00-0022924,B.Roethlisberger,16,0,0,0,0,0,0
3,00:10,00-0023465,H.Miller,0,0,16,1,0,0,0
3,00:07,00-0021206,J.McCown,34,0,0,0,0,0,0
3,00:07,00-0031408,M.Evans,0,0,34,1,0,0,0
4,15:00,00-0026143,M.Ryan,4,0,0,0,0,0,0
4,15:00,00-0028581,P.DiMarco,0,0,4,1,0,0,0
4,15:00,00-0028012,R.Mallett,8,0,0,0,0,0,0
4,15:00,00-0029435,D.Johnson,0,0,8,1,0,0,0
4,15:00,00-0031075,A.Blue,0,3,0,0,0,0,0
4,15:00,00-0020531,D.Brees,9,0,0,0,1,0,0
4,15:00,00-0030085,K.Stills,0,0,9,1,0,0,1
4,15:00,00-0023500,F.Gore,0,4,0,0,0,0,0
4,15:00,00-0025430,D.Stanton,27,0,0,0,0,0,0
4,15:00,00-0028007,R.Housler,0,0,27,1,0,0,0
4,15:00,00-0025637,A.Bradshaw,0,1,0,0,0,0,0
4,15:00,00-0030496,L.Bell,0,5,0,0,0,1,0
4,14:54,00-0023436,A.Smith,9,0,0,0,0,0,0
4,14:54,00-0025410,D.Bowe,0,0,9,1,0,0,0
4,14:53,00-0029615,L.Miller,0,7,0,0,0,0,0
4,14:52,00-0024226,J.Cutler,9,0,0,0,0,0,0
4,14:52,00-0026201,M.Bennett,0,0,9,1,0,0,0
4,14:52,00-0023459,A.Rodgers,32,0,0,0,1,0,0
4,14:52,00-0030485,E.Lacy,0,0,32,1,0,0,1
4,14:46,00-0020679,S.Hill,10,0,0,0,0,0,0
4,14:46,00-0030532,S.Bailey,0,0,10,1,0,0,0
4,14:42,00-0031277,B.Oliver,0,8,0,0,0,0,0
4,14:42,00-0031413,B.Sankey,0,-3,0,0,0,0,0
4,14:40,00-0027029,L.McCoy,0,6,0,0,0,0,0
4,14:35,00-0031301,J.Hill,0,2,0,0,0,0,0
4,14:35,00-0021206,J.McCown,9,0,0,0,0,0,0
4,14:35,00-0031408,M.Evans,0,0,9,1,0,0,0
4,14:27,00-0029615,L.Miller,0,3,0,0,0,0,0
4,14:20,00-0025430,D.Stanton,24,0,0,0,0,0,0
4,14:20,00-0030287,A.Ellington,0,0,24,1,0,0,0
4,14:17,00-0026184,M.Forte,0,2,0,0,0,0,0
4,14:17,00-0031075,A.Blue,0,6,0,0,0,0,0
4,14:15,00-0026213,J.Charles,0,47,0,0,0,0,0
4,14:13,00-0021206,J.McCown,56,0,0,0,1,0,0
4,14:13,00-0031408,M.Evans,0,0,56,1,0,0,1
4,14:07,00-0031391,T.Mason,0,3,0,0,0,0,0
4,14:04,00-0031277,B.Oliver,0,3,0,0,0,0,0
4,14:03,00-0027939,C.Newton,13,0,0,0,0,0,0
4,14:03,00-0025418,G.Olsen,0,0,13,1,0,0,0
4,14:03,00-0031266,Z.Mettenberger,7,0,0,0,0,0,0
4,14:03,00-0031413,B.Sankey,0,0,7,1,0,0,0
4,14:01,00-0027791,J.Starks,0,7,0,0,0,0,0
4,14:01,00-0029665,R.Griffin,12,0,0,0,0,0,0
4,14:01,00-0029141,A.Morris,0,0,12,1,0,0,0
4,13:59,00-0031075,A.Blue,0,1,0,0,0,0,0
4,13:59,00-0031055,A.Williams,0,-3,0,0,0,0,0
4,13:49,00-0027973,A.Dalton,38,0,0,0,0,0,0
4,13:49,00-0027942,A.Green,0,0,38,1,0,0,0
4,13:48,00-0026184,M.Forte,0,8,0,0,0,0,0
4,13:46,00-0030280,K.Davis,0,4,0,0,0,1,0
4,13:44,00-0029701,R.Tannehill,12,0,0,0,0,0,0
4,13:44,00-0028112,C.Clay,0,0,12,1,0,0,0
4,13:36,00-0029668,A.Luck,1,0,0,0,1,0,0
4,13:36,00-0027960,A.Castonzo,0,0,1,1,0,0,1
4,13:35,00-0029263,R.Wilson,14,0,0,0,0,0,0
4,13:35,00-0030089,L.Willson,0,0,14,1,0,0,0
4,13:33,00-0027939,C.Newton,5,0,0,0,0,0,0
4,13:33,00-0031359,K.Benjamin,0,0,5,1,0,0,0
4,13:31,00-0030287,A.Ellington,0,1,0,0,0,0,0
4,13:28,00-0031391,T.Mason,0,3,0,0,0,0,0
4,13:26,00-0019596,T.Brady,14,0,0,0,0,0,0
4,13:26,00-0027150,J.Edelman,0,0,14,1,0,0,0
4,13:22,00-0031301,J.Hill,0,8,0,0,0,0,0
4,13:19,00-0027155,R.Jennings,0,3,0,0,0,0,0
4,13:14,00-0028012,R.Mallett,10,0,0,0,0,0,0
4,13:14,00-0022044,A.Johnson,0,0,10,1,0,0,0
4,13:09,00-0029615,L.Miller,0,4,0,0,0,0,0
4,13:03,00-0030496,L.Bell,0,10,0,0,0,0,0
4,13:01,00-0025399,M.Lynch,0,4,0,0,0,0,0
4,12:59,00-0026184,M.Forte,0,1,0,0,0,0,0
4,12:57,00-0027791,J.Starks,0,-3,0,0,0,0,0
4,12:54,00-0022942,P.Rivers,10,0,0,0,0,0,0
4,12:54,00-0022414,M.Floyd,0,0,10,1,0,0,0
4,12:50,00-0022803,E.Manning,19,0,0,0,0,0,0
4,12:50,00-0031235,O.Beckham,0,0,19,1,0,0,0
4,12:50,00-0030287,A.Ellington,0,-1,0,0,0,0,0
4,12:49,00-0029104,J.Gray,0,7,0,0,0,0,0
4,12:47,00-0031075,A.Blue,0,-2,0,0,0,0,0
4,12:45,00-0029665,R.Griffin,9,0,0,0,0,0,0
4,12:45,00-0028043,R.Helu,0,0,9,1,0,0,0
4,12:39,00-0022736,S.Jackson,0,-2,0,0,0,0,0
4,12:32,00-0026184,M.Forte,0,1,0,0,0,0,0
4,12:25,00-0028000,Dn.Thomas,0,5,0,0,0,0,0
4,12:24,00-0025399,M.Lynch,0,17,0,0,0,0,0
4,12:21,00-0031277,B.Oliver,0,-1,0,0,0,0,0
4,12:21,00-0022924,B.Roethlisberger,15,0,0,0,0,0,0
4,12:21,00-0023310,L.Moore,0,0,15,1,0,0,0
4,12:16,00-0027973,A.Dalton,18,0,0,0,0,0,0
4,12:16,00-0027942,A.Green,0,0,18,1,0,0,0
4,12:11,00-0028012,R.Mallett,17,0,0,0,0,0,0
4,12:11,00-0030564,D.Hopkins,0,0,17,1,0,0,0
4,12:09,00-0027155,R.Jennings,0,6,0,0,0,0,0
4,12:07,00-0029665,R.Griffin,0,8,0,0,0,0,0
4,12:05,00-0027029,L.McCoy,0,4,0,0,0,0,0
4,12:05,00-0019596,T.Brady,22,0,0,0,0,0,0
4,12:05,00-0027681,B.LaFell,0,0,22,1,0,0,0
4,12:04,00-0026143,M.Ryan,8,0,0,0,0,0,0
4,12:04,00-0023462,R.White,0,0,8,1,0,0,0
4,11:59,00-0010346,P.Manning,17,0,0,0,0,0,0
4,11:59,00-0027874,D.Thomas,0,0,17,1,0,0,0
4,11:57,00-0026072,J.Collins,0,3,0,0,0,0,0
4,11:49,00-0029701,R.Tannehill,8,0,0,0,1,0,0
4,11:49,00-0031382,J.Landry,0,0,8,1,0,0,1
4,11:45,00-0024226,J.Cutler,7,0,0,0,0,0,0
4,11:45,00-0029137,A.Jeffery,0,0,7,1,0,0,0
4,11:45,00-0010346,P.Manning,13,0,0,0,0,0,0
4,11:45,00-0022427,W.Welker,0,0,13,1,0,0,0
4,11:45,00-0022924,B.Roethlisberger,8,0,0,0,0,0,0
4,11:45,00-0030496,L.Bell,0,0,8,1,0,0,0
4,11:44,00-0022942,P.Rivers,3,0,0,0,0,0,0
4,11:44,00-0031277,B.Oliver,0,0,3,1,0,0,0
4,11:43,00-0029263,R.Wilson,0,11,0,0,0,0,0
4,11:41,00-0026898,M.Sanchez,16,0,0,0,0,0,0
4,11:41,00-0031299,J.Matthews,0,0,16,1,0,0,0
4,11:41,00-0027155,R.Jennings,0,2,0,0,0,0,0
4,11:35,00-0027973,A.Dalton,24,0,0,0,1,0,0
4,11:35,00-0027942,A.Green,0,0,24,1,0,0,1
4,11:33,00-0029104,J.Gray,0,8,0,0,0,0,0
4,11:31,00-0031075,A.Blue,0,-1,0,0,0,0,0
4,11:29,00-0023541,K.Orton,4,0,0,0,0,0,0
4,11:29,00-0029429,B.Brown,0,0,4,1,0,0,0
4,11:29,00-0020531,D.Brees,5,0,0,0,0,0,0
4,11:29,00-0030085,K.Stills,0,0,5,1,0,0,0
4,11:14,00-0027029,L.McCoy,0,6,0,0,0,0,0
4,11:13,00-0020531,D.Brees,0,3,0,0,0,0,0
4,11:12,00-0010346,P.Manning,3,0,0,0,0,0,0
4,11:12,00-0026237,A.Caldwell,0,0,3,1,0,0,0
4,11:12,00-0022924,B.Roethlisberger,10,0,0,0,0,0,0
4,11:12,00-0030496,L.Bell,0,0,10,1,0,0,0
4,11:11,00-0023541,K.Orton,16,0,0,0,0,0,0
4,11:11,00-0029429,B.Brown,0,0,16,1,0,0,0
4,11:11,00-0026498,M.Stafford,21,0,0,0,0,0,0
4,11:11,00-0027218,J.Bell,0,0,21,1,0,0,0
4,11:05,00-0022803,E.Manning,4,0,0,0,0,0,0
4,11:05,00-0031235,O.Beckham,0,0,4,1,0,0,0
4,11:02,00-0029731,F.Whittaker,0,3,0,0,0,0,0
4,11:02,00-0026184,M.Forte,0,2,0,0,0,0,0
4,10:55,00-0031075,A.Blue,0,-9,0,0,0,0,0
4,10:55,00-0029263,R.Wilson,0,11,0,0,0,0,0
4,10:46,00-0031280,D.Carr,10,0,0,0,0,0,0
4,10:46,00-0028263,A.Holmes,0,0,10,1,0,0,0
4,10:45,00-0027939,C.Newton,13,0,0,0,0,0,0
4,10:45,00-0031359,K.Benjamin,0,0,13,1,0,0,0
4,10:44,00-0029665,R.Griffin,-3,0,0,0,0,0,0
4,10:44,00-0028043,R.Helu,0,0,-3,1,0,0,0
4,10:42,00-0010346,P.Manning,13,0,0,0,0,0,0
4,10:42,00-0026237,A.Caldwell,0,0,13,1,0,0,0
4,10:39,00-0027029,L.McCoy,0,-1,0,0,0,0,0
4,10:35,00-0027772,A.Dixon,0,4,0,0,0,0,0
4,10:33,00-0022803,E.Manning,20,0,0,0,0,0,0
4,10:33,00-0031235,O.Beckham,0,0,20,1,0,0,0
4,10:33,00-0030496,L.Bell,0,4,0,0,0,0,0
4,10:31,00-0029104,J.Gray,0,-2,0,0,0,0,0
4,10:28,00-0026498,M.Stafford,6,0,0,0,0,0,0
4,10:28,00-0027218,J.Bell,0,0,6,1,0,0,0
4,10:24,00-0010346,P.Manning,6,0,0,0,0,0,0
4,10:24,00-0026267,J.Tamme,0,0,6,1,0,0,0
4,10:20,00-0025399,M.Lynch,0,4,0,0,0,0,0
4,10:19,00-0029731,F.Whittaker,0,3,0,0,0,0,0
4,10:16,00-0031055,A.Williams,0,5,0,0,0,0,0
4,10:12,00-0029665,R.Griffin,7,0,0,0,0,0,0
4,10:12,00-0028043,R.Helu,0,0,7,1,0,0,0
4,10:11,00-0028012,R.Mallett,4,0,0,0,0,0,0
4,10:11,00-0029435,D.Johnson,0,0,4,1,0,0,0
4,10:10,00-0029104,J.Gray,0,4,0,0,0,0,0
4,10:09,00-0026995,J.Maclin,0,0,-1,1,0,0,0
4,10:09,00-0026898,M.Sanchez,-1,0,0,0,0,0,0
4,10:09,00-0030513,L.Murray,0,5,0,0,0,0,0
4,09:58,00-0020531,D.Brees,17,0,0,0,0,0,0
4,09:58,00-0024466,M.Colston,0,0,17,1,0,0,0
4,09:52,00-0030496,L.Bell,0,6,0,0,0,0,0
4,09:49,00-0026184,M.Forte,0,2,0,0,0,0,0
4,09:49,00-0027218,J.Bell,0,-2,0,0,0,0,0
4,09:47,00-0027939,C.Newton,0,15,0,0,0,0,0
4,09:44,00-0029263,R.Wilson,0,7,0,0,0,0,0
4,09:41,00-0031391,T.Mason,0,3,0,0,0,0,0
4,09:40,00-0031299,J.Matthews,0,0,36,1,0,0,0
4,09:40,00-0026898,M.Sanchez,36,0,0,0,0,0,0
4,09:40,00-0023500,F.Gore,0,2,0,0,0,0,0
4,09:40,00-0029104,J.Gray,0,7,0,0,0,0,0
4,09:33,00-0030656,I.Crowell,0,2,0,0,0,0,0
4,09:28,00-0031390,C.Sims,0,-1,0,0,0,0,0
4,09:25,00-0027966,M.Ingram,0,5,0,0,0,0,0
4,09:20,00-0029701,R.Tannehill,3,0,0,0,0,0,0
4,09:20,00-0030422,D.Sims,0,0,3,1,0,0,0
4,09:18,00-0027939,C.Newton,22,0,0,0,1,0,0
4,09:18,00-0031359,K.Benjamin,0,0,22,1,0,0,1
4,09:15,00-0027974,C.Kaepernick,7,0,0,0,0,0,0
4,09:15,00-0022084,A.Boldin,0,0,7,1,0,0,0
4,09:09,00-0027029,L.McCoy,0,7,0,0,0,0,0
4,09:07,00-0026498,M.Stafford,16,0,0,0,0,0,0
4,09:07,00-0030107,T.Riddick,0,0,16,1,0,0,0
4,09:07,00-0022924,B.Roethlisberger,12,0,0,0,1,0,0
4,09:07,00-0027793,A.Brown,0,0,12,1,0,0,1
4,09:06,00-0025399,M.Lynch,0,5,0,0,0,0,0
4,09:05,00-0026143,M.Ryan,11,0,0,0,0,0,0
4,09:05,00-0023462,R.White,0,0,11,1,0,0,0
4,09:00,00-0020679,S.Hill,9,0,0,0,0,0,0
4,09:00,00-0027061,J.Cook,0,0,9,1,0,0,0
4,08:57,00-0020531,D.Brees,7,0,0,0,0,0,0
4,08:57,00-0024466,M.Colston,0,0,7,1,0,0,0
4,08:56,00-0024226,J.Cutler,4,0,0,0,1,0,0
4,08:56,00-0024334,B.Marshall,0,0,4,1,0,0,1
4,08:56,00-0026625,B.Hoyer,8,0,0,0,0,0,0
4,08:56,00-0031228,T.Gabriel,0,0,8,1,0,0,0
4,08:52,00-0031266,Z.Mettenberger,10,0,0,0,0,0,0
4,08:52,00-0029708,K.Wright,0,0,10,1,0,0,0
4,08:51,00-0031237,T.Bridgewater,17,0,0,0,0,0,0
4,08:51,00-0030578,C.Patterson,0,0,17,1,0,0,0
4,08:49,00-0029701,R.Tannehill,0,15,0,0,0,0,0
4,08:46,00-0029104,J.Gray,0,1,0,0,0,1,0
4,08:44,00-0021206,J.McCown,2,0,0,0,0,0,0
4,08:44,00-0031390,C.Sims,0,0,2,1,0,0,0
4,08:43,00-0028083,J.Rodgers,0,1,0,0,0,0,0
4,08:41,00-0023500,F.Gore,0,3,0,0,0,0,0
4,08:34,00-0026898,M.Sanchez,6,0,0,0,0,0,0
4,08:34,00-0026995,J.Maclin,0,0,6,1,0,0,0
4,08:32,00-0020531,D.Brees,-2,0,0,0,0,0,0
4,08:32,00-0027966,M.Ingram,0,0,-2,1,0,0,0
4,08:30,00-0031391,T.Mason,0,2,0,0,0,0,0
4,08:29,00-0031413,B.Sankey,0,1,0,0,0,0,0
4,08:25,00-0028434,D.Baldwin,0,0,0,1,0,0,0
4,08:21,00-0026625,B.Hoyer,35,0,0,0,0,0,0
4,08:21,00-0031228,T.Gabriel,0,0,35,1,0,0,0
4,08:20,00-0031390,C.Sims,0,4,0,0,0,0,0
4,08:14,00-0029104,J.Gray,0,3,0,0,0,0,0
4,08:11,00-0031237,T.Bridgewater,7,0,0,0,0,0,0
4,08:11,00-0030578,C.Patterson,0,0,7,1,0,0,0
4,08:09,00-0026898,M.Sanchez,9,0,0,0,0,0,0
4,08:09,00-0027758,R.Cooper,0,0,9,1,0,0,0
4,08:04,00-0029701,R.Tannehill,8,0,0,0,0,0,0
4,08:04,00-0030422,D.Sims,0,0,8,1,0,0,0
4,08:03,00-0027974,C.Kaepernick,5,0,0,0,0,0,0
4,08:03,00-0028149,B.Miller,0,0,5,1,0,0,0
4,07:58,00-0031277,B.Oliver,0,4,0,0,0,0,0
4,07:51,00-0026625,B.Hoyer,22,0,0,0,0,0,0
4,07:51,00-0027918,A.Hawkins,0,0,22,1,0,0,0
4,07:50,00-0027029,L.McCoy,0,4,0,0,0,0,0
4,07:50,00-0025399,M.Lynch,0,2,0,0,0,0,0
4,07:44,00-0031266,Z.Mettenberger,5,0,0,0,0,0,0
4,07:44,00-0024297,D.Hagan,0,0,5,1,0,0,0
4,07:40,00-0028198,M.Asiata,0,2,0,0,0,0,0
4,07:40,00-0031301,J.Hill,0,2,0,0,0,0,0
4,07:39,00-0021206,J.McCown,18,0,0,0,0,0,0
4,07:39,00-0023496,V.Jackson,0,0,18,1,0,0,0
4,07:39,00-0029104,J.Gray,0,3,0,0,0,0,0
4,07:32,00-0026498,M.Stafford,13,0,0,0,0,0,0
4,07:32,00-0025389,C.Johnson,0,0,13,1,0,0,0
4,07:30,00-0031391,T.Mason,0,-1,0,0,0,0,0
4,07:29,00-0030656,I.Crowell,0,1,0,0,0,0,0
4,07:28,00-0026898,M.Sanchez,20,0,0,0,1,0,0
4,07:28,00-0026995,J.Maclin,0,0,20,1,0,0,1
4,07:22,00-0031045,C.Hyde,0,1,0,0,0,0,0
4,07:16,00-0027791,J.Starks,0,3,0,0,0,0,0
4,07:08,00-0026213,J.Charles,0,1,0,0,0,0,0
4,07:03,00-0031301,J.Hill,0,3,0,0,0,0,0
4,07:01,00-0027939,C.Newton,22,0,0,0,0,0,0
4,07:01,00-0022811,J.Cotchery,0,0,22,1,0,0,0
4,07:00,00-0029615,L.Miller,0,5,0,0,0,0,0
4,06:58,00-0030496,L.Bell,0,6,0,0,0,0,0
4,06:56,00-0019596,T.Brady,26,0,0,0,1,0,0
4,06:56,00-0027656,R.Gronkowski,0,0,26,1,0,0,1
4,06:55,00-0031301,J.Hill,0,-1,0,0,0,0,0
4,06:49,00-0031075,A.Blue,0,2,0,0,0,0,0
4,06:48,00-0031237,T.Bridgewater,5,0,0,0,0,0,0
4,06:48,00-0030113,Ch.Johnson,0,0,5,1,0,0,0
4,06:46,00-0029668,A.Luck,9,0,0,0,0,0,0
4,06:46,00-0029697,C.Fleener,0,0,9,1,0,0,0
4,06:45,00-0025430,D.Stanton,17,0,0,0,0,0,0
4,06:45,00-0026178,J.Carlson,0,0,17,1,0,0,0
4,06:39,00-0010346,P.Manning,7,0,0,0,0,0,0
4,06:39,00-0026267,J.Tamme,0,0,7,1,0,0,0
4,06:30,00-0022999,J.Kuhn,0,3,0,0,0,0,0
4,06:29,00-0027939,C.Newton,47,0,0,0,1,0,0
4,06:29,00-0031118,C.Brown,0,0,47,1,0,0,1
4,06:18,00-0022803,E.Manning,-2,0,0,0,0,0,0
4,06:18,00-0027155,R.Jennings,0,0,-2,1,0,0,0
4,06:16,00-0029701,R.Tannehill,2,0,0,0,0,0,0
4,06:16,00-0028112,C.Clay,0,0,2,1,0,0,0
4,06:16,00-0031301,J.Hill,0,3,0,0,0,0,0
4,06:15,00-0026143,M.Ryan,12,0,0,0,0,0,0
4,06:15,00-0026224,H.Douglas,0,0,12,1,0,0,0
4,06:15,00-0031075,A.Blue,0,7,0,0,0,0,0
4,06:15,00-0029263,R.Wilson,5,0,0,0,0,0,0
4,06:15,00-0029159,J.Kearse,0,0,5,1,0,0,0
4,06:15,00-0031390,C.Sims,0,2,0,0,0,0,0
4,06:15,00-0031280,D.Carr,5,0,0,0,0,0,0
4,06:15,00-0030514,M.Rivera,0,0,5,1,0,0,0
4,06:15,00-0029675,T.Richardson,0,2,0,0,0,0,0
4,06:11,00-0030287,A.Ellington,0,2,0,0,0,0,0
4,06:07,00-0022924,B.Roethlisberger,6,0,0,0,0,0,0
4,06:07,00-0030460,M.Wheaton,0,0,6,1,0,0,0
4,06:05,00-0031237,T.Bridgewater,24,0,0,0,0,0,0
4,06:05,00-0030113,Ch.Johnson,0,0,24,1,0,0,0
4,05:59,00-0010346,P.Manning,9,0,0,0,0,0,0
4,05:59,00-0029854,C.Anderson,0,0,9,1,0,0,0
4,05:48,00-0026349,M.Flynn,12,0,0,0,0,0,0
4,05:48,00-0028002,R.Cobb,0,0,12,1,0,0,0
4,05:45,00-0026143,M.Ryan,9,0,0,0,0,0,0
4,05:45,00-0026224,H.Douglas,0,0,9,1,0,0,0
4,05:45,00-0022803,E.Manning,26,0,0,0,0,0,0
4,05:45,00-0029262,R.Randle,0,0,26,1,0,0,0
4,05:44,00-0031280,D.Carr,35,0,0,0,0,0,0
4,05:44,00-0030000,K.Thompkins,0,0,35,1,0,0,0
4,05:42,00-0029668,A.Luck,21,0,0,0,0,0,0
4,05:42,00-0029675,T.Richardson,0,0,21,1,0,0,0
4,05:38,00-0031237,T.Bridgewater,7,0,0,0,0,0,0
4,05:38,00-0028198,M.Asiata,0,0,7,1,0,0,0
4,05:35,00-0031301,J.Hill,0,11,0,0,0,0,0
4,05:31,00-0025430,D.Stanton,-1,0,0,0,0,0,0
4,05:31,00-0030287,A.Ellington,0,0,-1,1,0,0,0
4,05:31,00-0030496,L.Bell,0,10,0,0,0,0,0
4,05:23,00-0031391,T.Mason,0,3,0,0,0,0,0
4,05:21,00-0031285,D.Freeman,0,8,0,0,0,0,0
4,05:12,00-0022803,E.Manning,37,0,0,0,0,0,0
4,05:12,00-0031235,O.Beckham,0,0,37,1,0,0,0
4,05:12,00-0031391,T.Mason,0,3,0,0,0,0,0
4,05:08,00-0029675,T.Richardson,0,-2,0,0,0,0,0
4,05:05,00-0025399,M.Lynch,0,2,0,0,0,0,0
4,05:04,00-0026625,B.Hoyer,24,0,0,0,0,0,0
4,05:04,00-0027918,A.Hawkins,0,0,24,1,0,0,0
4,05:03,00-0031280,D.Carr,7,0,0,0,0,0,0
4,05:03,00-0030513,L.Murray,0,0,7,1,0,0,0
4,04:53,00-0026143,M.Ryan,11,0,0,0,0,0,0
4,04:53,00-0023462,R.White,0,0,11,1,0,0,0
4,04:53,00-0031301,J.Hill,0,5,0,0,0,0,0
4,04:50,00-0030496,L.Bell,0,10,0,0,0,0,0
4,04:47,00-0031301,J.Hill,0,3,0,0,0,0,0
4,04:44,00-0021206,J.McCown,0,5,0,0,0,0,0
4,04:43,00-0023500,F.Gore,0,8,0,0,0,0,0
4,04:43,00-0010346,P.Manning,15,0,0,0,0,0,0
4,04:43,00-0029854,C.Anderson,0,0,15,1,0,0,0
4,04:39,00-0026625,B.Hoyer,12,0,0,0,0,0,0
4,04:39,00-0031228,T.Gabriel,0,0,12,1,0,0,0
4,04:38,00-0030513,L.Murray,0,1,0,0,0,0,0
4,04:31,00-0031285,D.Freeman,0,2,0,0,0,0,0
4,04:29,00-0027218,J.Bell,0,13,0,0,0,0,0
4,04:23,00-0029263,R.Wilson,7,0,0,0,0,0,0
4,04:23,00-0029159,J.Kearse,0,0,7,1,0,0,0
4,04:17,00-0029104,J.Gray,0,3,0,0,0,0,0
4,04:15,00-0010346,P.Manning,10,0,0,0,0,0,0
4,04:15,00-0029854,C.Anderson,0,0,10,1,0,0,0
4,04:06,00-0022942,P.Rivers,13,0,0,0,0,0,0
4,04:06,00-0030279,K.Allen,0,0,13,1,0,0,0
4,04:06,00-0030496,L.Bell,0,8,0,0,0,0,0
4,04:05,00-0031301,J.Hill,0,1,0,0,0,0,0
4,04:05,00-0023500,F.Gore,0,3,0,0,0,0,0
4,04:01,00-0031075,A.Blue,0,21,0,0,0,0,0
4,04:00,00-0023541,K.Orton,8,0,0,0,0,0,0
4,04:00,00-0027772,A.Dixon,0,0,8,1,0,0,0
4,03:59,00-0026184,M.Forte,0,4,0,0,0,0,0
4,03:58,00-0026143,M.Ryan,3,0,0,0,0,0,0
4,03:58,00-0030443,L.Toilolo,0,0,3,1,0,0,0
4,03:51,00-0029510,J.Grimes,0,3,0,0,0,0,0
4,03:45,00-0010346,P.Manning,5,0,0,0,0,0,0
4,03:45,00-0030705,J.Thompson,0,0,5,1,0,0,0
4,03:45,00-0029141,A.Morris,0,14,0,0,0,0,0
4,03:41,00-0029104,J.Gray,0,3,0,0,0,0,0
4,03:40,00-0026498,M.Stafford,3,0,0,0,0,0,0
4,03:40,00-0030107,T.Riddick,0,0,3,1,0,0,0
4,03:31,00-0026213,J.Charles,0,1,0,0,0,0,0
4,03:28,00-0027864,Ry.Mathews,0,8,0,0,0,0,0
4,03:23,00-0026213,J.Charles,0,8,0,0,0,0,0
4,03:22,00-0027974,C.Kaepernick,11,0,0,0,0,0,0
4,03:22,00-0028149,B.Miller,0,0,11,1,0,0,0
4,03:21,00-0020531,D.Brees,3,0,0,0,0,0,0
4,03:21,00-0027966,M.Ingram,0,0,3,1,0,0,0
4,03:19,00-0030496,L.Bell,0,3,0,0,0,0,0
4,03:14,00-0026143,M.Ryan,8,0,0,0,0,0,0
4,03:14,00-0026224,H.Douglas,0,0,8,1,0,0,0
4,03:14,00-0026349,M.Flynn,14,0,0,0,0,0,0
4,03:14,00-0027791,J.Starks,0,0,14,1,0,0,0
4,03:13,00-0029615,L.Miller,0,-2,0,0,0,0,0
4,03:13,00-0026184,M.Forte,0,6,0,0,0,0,0
4,03:13,00-0031008,S.Redd,0,14,0,0,0,0,0
4,03:12,00-0029510,J.Grimes,0,4,0,0,0,0,0
4,03:10,00-0010346,P.Manning,14,0,0,0,0,0,0
4,03:10,00-0027874,D.Thomas,0,0,14,1,0,0,0
4,03:06,00-0026184,M.Forte,0,3,0,0,0,0,0
4,03:04,00-0031075,A.Blue,0,5,0,0,0,0,0
4,03:02,00-0020531,D.Brees,11,0,0,0,0,0,0
4,03:02,00-0027966,M.Ingram,0,0,11,1,0,0,0
4,02:59,00-0026184,M.Forte,0,3,0,0,0,0,0
4,02:56,00-0029438,C.Polk,0,3,0,0,0,0,0
4,02:55,00-0029510,J.Grimes,0,2,0,0,0,0,0
4,02:54,00-0029104,J.Gray,0,5,0,0,0,0,0
4,02:49,00-0029665,R.Griffin,4,0,0,0,0,0,0
4,02:49,00-0031008,S.Redd,0,0,4,1,0,0,0
4,02:47,00-0029263,R.Wilson,1,0,0,0,0,0,0
4,02:47,00-0025399,M.Lynch,0,0,1,1,0,0,0
4,02:46,00-0023541,K.Orton,11,0,0,0,0,0,0
4,02:46,00-0028237,C.Hogan,0,0,11,1,0,0,0
4,02:43,00-0020531,D.Brees,10,0,0,0,0,0,0
4,02:43,00-0031236,B.Cooks,0,0,10,1,0,0,0
4,02:43,00-0027864,Ry.Mathews,0,-1,0,0,0,0,0
4,02:42,00-0031045,C.Hyde,0,1,0,0,0,0,0
4,02:40,00-0026625,B.Hoyer,7,0,0,0,0,0,0
4,02:40,00-0023921,M.Austin,0,0,7,1,0,0,0
4,02:39,00-0020531,D.Brees,8,0,0,0,0,0,0
4,02:39,00-0031236,B.Cooks,0,0,8,1,0,0,0
4,02:37,00-0022942,P.Rivers,15,0,0,0,0,0,0
4,02:37,00-0021547,A.Gates,0,0,15,1,0,0,0
4,02:37,00-0025430,D.Stanton,4,0,0,0,0,0,0
4,02:37,00-0031051,Jo. Brown,0,0,4,1,0,0,0
4,02:35,00-0030496,L.Bell,0,8,0,0,0,0,0
4,02:34,00-0023500,F.Gore,0,2,0,0,0,0,0
4,02:33,00-0028000,Dn.Thomas,0,2,0,0,0,0,0
4,02:32,00-0025430,D.Stanton,11,0,0,0,0,0,0
4,02:32,00-0022921,L.Fitzgerald,0,0,11,1,0,0,0
4,02:28,00-0031277,B.Oliver,0,5,0,0,0,0,0
4,02:27,00-0029438,C.Polk,0,-2,0,0,0,0,0
4,02:27,00-0031391,T.Mason,0,1,0,0,0,0,0
4,02:26,00-0029665,R.Griffin,8,0,0,0,0,0,0
4,02:26,00-0027691,A.Roberts,0,0,8,1,0,0,0
4,02:22,00-0022736,S.Jackson,0,1,0,0,0,0,0
4,02:20,00-0026625,B.Hoyer,7,0,0,0,0,0,0
4,02:20,00-0027918,A.Hawkins,0,0,7,1,0,0,0
4,02:20,00-0026625,B.Hoyer,11,0,0,0,0,0,0
4,02:20,00-0026281,G.Barnidge,0,0,11,1,0,0,0
4,02:18,00-0029104,J.Gray,0,5,0,0,0,0,0
4,02:17,00-0020531,D.Brees,13,0,0,0,0,0,0
4,02:17,00-0031236,B.Cooks,0,0,13,1,0,0,0
4,02:06,00-0029263,R.Wilson,23,0,0,0,0,0,0
4,02:06,00-0028434,D.Baldwin,0,0,23,1,0,0,0
4,02:03,00-0031008,S.Redd,0,2,0,0,0,0,0
4,02:01,00-0027939,C.Newton,15,0,0,0,0,0,0
4,02:01,00-0025418,G.Olsen,0,0,15,1,0,0,0
4,02:00,00-0028000,Dn.Thomas,0,3,0,0,0,0,0
4,02:00,00-0027974,C.Kaepernick,0,5,0,0,0,0,0
4,02:00,00-0031391,T.Mason,0,-3,0,0,0,0,0
4,02:00,00-0025430,D.Stanton,0,-1,0,0,0,0,0
4,02:00,00-0029104,J.Gray,0,9,0,0,0,0,0
4,02:00,00-0030496,L.Bell,0,5,0,0,0,0,0
4,01:58,00-0031237,T.Bridgewater,21,0,0,0,0,0,0
4,01:58,00-0030113,Ch.Johnson,0,0,21,1,0,0,0
4,01:58,00-0031237,T.Bridgewater,14,0,0,0,0,0,0
4,01:58,00-0031376,J.McKinnon,0,0,14,1,0,0,0
4,01:58,00-0031237,T.Bridgewater,7,0,0,0,0,0,0
4,01:58,00-0030113,Ch.Johnson,0,0,7,1,0,0,0
4,01:56,00-0029438,C.Polk,0,-1,0,0,0,0,0
4,01:56,00-0029665,R.Griffin,5,0,0,0,0,0,0
4,01:56,00-0028093,N.Paul,0,0,5,1,0,0,0
4,01:54,00-0027973,A.Dalton,0,-1,0,0,0,0,0
4,01:54,00-0030496,L.Bell,0,-1,0,0,0,0,0
4,01:52,00-0026625,B.Hoyer,19,0,0,0,0,0,0
4,01:52,00-0030656,I.Crowell,0,0,19,1,0,0,0
4,01:49,00-0027939,C.Newton,17,0,0,0,0,0,0
4,01:49,00-0031359,K.Benjamin,0,0,17,1,0,0,0
4,01:49,00-0026349,M.Flynn,0,-1,0,0,0,0,0
4,01:42,00-0024242,D.Williams,0,1,0,0,0,0,0
4,01:35,00-0027939,C.Newton,0,4,0,0,0,0,0
4,01:34,00-0031008,S.Redd,0,3,0,0,0,0,0
4,01:31,00-0026153,J.Stewart,0,-1,0,0,0,0,0
4,01:22,00-0022736,S.Jackson,0,2,0,0,0,0,0
4,01:22,00-0029665,R.Griffin,5,0,0,0,0,0,0
4,01:22,00-0031008,S.Redd,0,0,5,1,0,0,0
4,01:21,00-0028000,Dn.Thomas,0,6,0,0,0,0,0
4,01:19,00-0025430,D.Stanton,0,-1,0,0,0,0,0
4,01:17,00-0022736,S.Jackson,0,2,0,0,0,0,0
4,01:16,00-0031391,T.Mason,0,10,0,0,0,0,0
4,01:13,00-0022736,S.Jackson,0,5,0,0,0,0,0
4,01:13,00-0027973,A.Dalton,0,-1,0,0,0,0,0
4,01:13,00-0031345,J.Garoppolo,0,-1,0,0,0,0,0
4,01:11,00-0022924,B.Roethlisberger,0,-1,0,0,0,0,0
4,01:10,00-0028012,R.Mallett,0,-4,0,0,0,0,0
4,01:09,00-0022803,E.Manning,4,0,0,0,0,0,0
4,01:09,00-0031055,A.Williams,0,0,4,1,0,0,0
4,01:08,00-0026349,M.Flynn,0,-1,0,0,0,0,0
4,00:50,00-0031008,S.Redd,0,-3,0,0,0,0,0
4,00:42,00-0024226,J.Cutler,0,-1,0,0,0,0,0
4,00:39,00-0031280,D.Carr,10,0,0,0,0,0,0
4,00:39,00-0030513,L.Murray,0,0,10,1,0,0,0
4,00:39,00-0025430,D.Stanton,0,-1,0,0,0,0,0
4,00:38,00-0027973,A.Dalton,0,-1,0,0,0,0,0
4,00:35,00-0031345,J.Garoppolo,0,-1,0,0,0,0,0
4,00:34,00-0029701,R.Tannehill,0,-1,0,0,0,0,0
4,00:34,00-0023436,A.Smith,0,-1,0,0,0,0,0
4,00:33,00-0028012,R.Mallett,0,-1,0,0,0,0,0
4,00:33,00-0022924,B.Roethlisberger,0,-1,0,0,0,0,0
4,00:32,00-0026349,M.Flynn,0,-1,0,0,0,0,0
4,00:29,00-0027974,C.Kaepernick,0,-2,0,0,0,0,0
4,00:27,00-0031280,D.Carr,28,0,0,0,0,0,0
4,00:27,00-0025465,J.Jones,0,0,28,1,0,0,0
4,00:24,00-0010346,P.Manning,15,0,0,0,0,0,0
4,00:24,00-0026237,A.Caldwell,0,0,15,1,0,0,0
4,00:22,00-0027939,C.Newton,14,0,0,0,0,0,0
4,00:22,00-0031359,K.Benjamin,0,0,5,1,0,0,0
4,00:22,00-0022811,J.Cotchery,0,0,9,0,0,0,0
4,00:15,00-0027939,C.Newton,7,0,0,0,0,0,0
4,00:15,00-0031359,K.Benjamin,0,0,7,1,0,0,0
4,00:08,00-0027939,C.Newton,18,0,0,0,0,0,0
4,00:08,00-0031359,K.Benjamin,0,0,19,1,0,0,0
4,00:08,00-0025418,G.Olsen,0,0,-1,0,0,0,0
